date,data_point_id,direction,size_mb,record_count,actual_time_ct,status
2026-05-13,IN-001,input,416.25,2081244,18:37,on_time
2026-05-14,IN-001,input,375.91,1879560,19:59,late
2026-05-15,IN-001,input,437.64,2188207,20:22,late
2026-05-18,IN-001,input,539.38,2696896,19:30,late
2026-05-19,IN-001,input,410.34,2051682,18:34,on_time
2026-05-20,IN-001,input,390.28,1951404,18:20,on_time
2026-05-21,IN-001,input,435.96,2179778,18:28,on_time
2026-05-22,IN-001,input,445.28,2226397,18:30,on_time
2026-05-25,IN-001,input,498.7,2493486,18:31,on_time
2026-05-26,IN-001,input,437.99,2189955,18:21,on_time
2026-05-27,IN-001,input,342.13,1710668,18:32,on_time
2026-05-28,IN-001,input,401.1,2005511,19:42,late
2026-05-29,IN-001,input,375.94,1879716,18:38,on_time
2026-06-01,IN-001,input,473.88,2369380,18:22,on_time
2026-06-02,IN-001,input,421.88,2109414,19:15,late
2026-06-03,IN-001,input,442.44,2212183,18:23,on_time
2026-06-04,IN-001,input,365.23,1826162,18:25,on_time
2026-06-05,IN-001,input,434.33,2171634,18:26,on_time
2026-06-08,IN-001,input,506.07,2530341,18:22,on_time
2026-06-09,IN-001,input,375.65,1878234,18:25,on_time
2026-06-10,IN-001,input,419.01,2095026,18:28,on_time
2026-06-11,IN-001,input,450.43,2252173,18:40,on_time
2026-06-12,IN-001,input,422.71,2113548,18:21,on_time
2026-06-15,IN-001,input,553.73,2768665,18:21,on_time
2026-06-16,IN-001,input,408.71,2043529,18:38,on_time
2026-06-17,IN-001,input,423.72,2118604,18:30,on_time
2026-06-18,IN-001,input,356.63,1783165,18:40,on_time
2026-06-19,IN-001,input,417.58,2087875,18:28,on_time
2026-06-22,IN-001,input,519.9,2599486,18:38,on_time
2026-06-23,IN-001,input,380.68,1903410,18:38,on_time
2026-06-24,IN-001,input,436.29,2181462,18:36,on_time
2026-06-25,IN-001,input,516.1,2580511,18:21,on_time
2026-06-26,IN-001,input,426.64,2133213,18:41,on_time
2026-06-29,IN-001,input,538.32,2691592,18:22,on_time
2026-06-30,IN-001,input,545.28,2726397,18:28,on_time
2026-07-01,IN-001,input,397.84,1989206,18:20,on_time
2026-07-02,IN-001,input,461.89,2309429,18:28,on_time
2026-07-03,IN-001,input,456.18,2280922,18:30,on_time
2026-07-06,IN-001,input,483.33,2416630,18:28,on_time
2026-07-07,IN-001,input,428.72,2143595,18:25,on_time
2026-07-08,IN-001,input,447.89,2239470,18:40,on_time
2026-07-09,IN-001,input,441.09,2205468,18:26,on_time
2026-07-10,IN-001,input,418.58,2092923,18:36,on_time
2026-07-13,IN-001,input,474.27,2371338,18:39,on_time
2026-07-14,IN-001,input,481.85,2409250,18:29,on_time
2026-07-15,IN-001,input,423.54,2117687,18:27,on_time
2026-07-16,IN-001,input,426.92,2134618,18:35,on_time
2026-07-17,IN-001,input,411.2,2056001,18:37,on_time
2026-07-20,IN-001,input,547.29,2736444,18:37,on_time
2026-07-21,IN-001,input,438.75,2193737,18:36,on_time
2026-07-22,IN-001,input,397.11,1985567,18:37,on_time
2026-07-23,IN-001,input,424.09,2120433,18:42,on_time
2026-07-24,IN-001,input,378.88,1894378,18:40,on_time
2026-07-27,IN-001,input,627.72,3138602,18:36,on_time
2026-07-28,IN-001,input,414.56,2072778,18:20,on_time
2026-07-29,IN-001,input,424.89,2124467,18:27,on_time
2026-07-30,IN-001,input,459.71,2298574,18:21,on_time
2026-07-31,IN-001,input,582.75,2913755,18:21,on_time
2026-08-03,IN-001,input,541.57,2707870,18:41,on_time
2026-08-04,IN-001,input,423.1,2115510,18:37,on_time
2026-08-05,IN-001,input,448.47,2242335,18:35,on_time
2026-08-06,IN-001,input,398.9,1994508,18:35,on_time
2026-08-07,IN-001,input,418.46,2092322,18:33,on_time
2026-08-10,IN-001,input,532.03,2660160,18:33,on_time
2026-05-13,IN-002,input,1957.11,9944242,20:05,on_time
2026-05-14,IN-002,input,1928.17,9797191,19:58,on_time
2026-05-15,IN-002,input,1905.73,9683146,20:08,on_time
2026-05-18,IN-002,input,2489.45,12649079,20:09,on_time
2026-05-19,IN-002,input,1986.24,10092225,20:12,on_time
2026-05-20,IN-002,input,1797.77,9134632,20:15,on_time
2026-05-21,IN-002,input,2042.18,10376464,20:02,on_time
2026-05-22,IN-002,input,1571.63,7985560,20:10,on_time
2026-05-25,IN-002,input,2574.01,13078740,20:00,on_time
2026-05-26,IN-002,input,1661.77,8443582,20:07,on_time
2026-05-27,IN-002,input,1907.17,9690460,20:08,on_time
2026-05-28,IN-002,input,1736.75,8824555,20:12,on_time
2026-05-29,IN-002,input,1795.08,9120936,20:01,on_time
2026-06-01,IN-002,input,2366.28,12023252,20:13,on_time
2026-06-02,IN-002,input,1994.07,10132052,19:56,on_time
2026-06-03,IN-002,input,1932.51,9819263,20:11,on_time
2026-06-04,IN-002,input,1847.07,9385102,20:11,on_time
2026-06-05,IN-002,input,1884.59,9575757,21:03,late
2026-06-08,IN-002,input,2674.75,13590626,21:31,late
2026-06-09,IN-002,input,2010.6,10216013,20:13,on_time
2026-06-10,IN-002,input,1749.4,8888860,20:08,on_time
2026-06-11,IN-002,input,1801.03,9151157,20:13,on_time
2026-06-12,IN-002,input,1989.35,10108041,20:17,on_time
2026-06-15,IN-002,input,2345.23,11916319,20:03,on_time
2026-06-16,IN-002,input,1860.7,9454371,20:05,on_time
2026-06-17,IN-002,input,1816.21,9228304,19:57,on_time
2026-06-18,IN-002,input,0,0,,missed
2026-06-19,IN-002,input,1800.54,9148690,20:12,on_time
2026-06-22,IN-002,input,2369.48,12039496,19:57,on_time
2026-06-23,IN-002,input,2239.86,11380926,20:06,on_time
2026-06-24,IN-002,input,1772.79,9007713,20:04,on_time
2026-06-25,IN-002,input,1995.23,10137948,20:15,on_time
2026-06-26,IN-002,input,1848.11,9390400,20:16,on_time
2026-06-29,IN-002,input,2235.72,11359879,19:59,on_time
2026-06-30,IN-002,input,2957.81,15028864,19:59,on_time
2026-07-01,IN-002,input,1799.41,9142922,20:14,on_time
2026-07-02,IN-002,input,1829.97,9298240,20:03,on_time
2026-07-03,IN-002,input,2119.65,10770093,20:03,on_time
2026-07-06,IN-002,input,2482.56,12614101,20:08,on_time
2026-07-07,IN-002,input,1904.25,9675643,19:56,on_time
2026-07-08,IN-002,input,0,0,,missed
2026-07-09,IN-002,input,1764.18,8963916,20:09,on_time
2026-07-10,IN-002,input,1942.28,9868857,19:57,on_time
2026-07-13,IN-002,input,2466.92,12534605,20:17,on_time
2026-07-14,IN-002,input,1716.45,8721399,20:13,on_time
2026-07-15,IN-002,input,1895.02,9628740,20:08,on_time
2026-07-16,IN-002,input,1865.05,9476467,19:56,on_time
2026-07-17,IN-002,input,2248.75,11426100,20:01,on_time
2026-07-20,IN-002,input,2392.28,12155364,20:12,on_time
2026-07-21,IN-002,input,1867.95,9491201,20:08,on_time
2026-07-22,IN-002,input,1981.06,10065944,20:02,on_time
2026-07-23,IN-002,input,1667.27,8471518,20:00,on_time
2026-07-24,IN-002,input,2210.19,11230130,20:05,on_time
2026-07-27,IN-002,input,2533.57,12873279,20:08,on_time
2026-07-28,IN-002,input,2160.68,10978574,20:03,on_time
2026-07-29,IN-002,input,1803.16,9161984,20:17,on_time
2026-07-30,IN-002,input,2189.22,11123601,20:02,on_time
2026-07-31,IN-002,input,2519.88,12803738,20:09,on_time
2026-08-03,IN-002,input,2658.27,13506867,20:02,on_time
2026-08-04,IN-002,input,1749.67,8890199,21:04,late
2026-08-05,IN-002,input,1998.99,10157025,20:03,on_time
2026-08-06,IN-002,input,2062.93,10481932,20:11,on_time
2026-08-07,IN-002,input,2185.69,11105659,19:55,on_time
2026-08-10,IN-002,input,2496.58,12685346,20:03,on_time
2026-05-13,IN-003,input,1.79,3764,17:00,on_time
2026-05-14,IN-003,input,2.09,4388,17:06,on_time
2026-05-15,IN-003,input,2.07,4352,16:51,on_time
2026-05-18,IN-003,input,2.43,5103,16:50,on_time
2026-05-19,IN-003,input,2.07,4350,17:11,on_time
2026-05-20,IN-003,input,1.8,3774,17:03,on_time
2026-05-21,IN-003,input,1.93,4058,17:00,on_time
2026-05-22,IN-003,input,1.89,3966,16:53,on_time
2026-05-25,IN-003,input,2.45,5139,17:03,on_time
2026-05-26,IN-003,input,2.11,4428,17:12,on_time
2026-05-27,IN-003,input,2.1,4401,17:02,on_time
2026-05-28,IN-003,input,2.1,4406,16:55,on_time
2026-05-29,IN-003,input,1.94,4070,16:50,on_time
2026-06-01,IN-003,input,2.7,5667,16:56,on_time
2026-06-02,IN-003,input,1.81,3808,17:04,on_time
2026-06-03,IN-003,input,1.89,3976,17:11,on_time
2026-06-04,IN-003,input,1.7,3560,16:55,on_time
2026-06-05,IN-003,input,2.04,4285,16:59,on_time
2026-06-08,IN-003,input,2.38,5000,16:57,on_time
2026-06-09,IN-003,input,1.9,3981,16:57,on_time
2026-06-10,IN-003,input,2.01,4230,17:05,on_time
2026-06-11,IN-003,input,2.02,4247,16:52,on_time
2026-06-12,IN-003,input,2.13,4463,17:12,on_time
2026-06-15,IN-003,input,2.33,4901,17:05,on_time
2026-06-16,IN-003,input,2.11,4438,16:53,on_time
2026-06-17,IN-003,input,2.16,4526,16:57,on_time
2026-06-18,IN-003,input,2.15,4509,16:51,on_time
2026-06-19,IN-003,input,1.94,4076,16:53,on_time
2026-06-22,IN-003,input,2.56,5378,17:07,on_time
2026-06-23,IN-003,input,1.79,3754,17:04,on_time
2026-06-24,IN-003,input,1.95,4097,17:07,on_time
2026-06-25,IN-003,input,1.82,3824,16:55,on_time
2026-06-26,IN-003,input,1.88,3939,16:57,on_time
2026-06-29,IN-003,input,2.5,5244,16:58,on_time
2026-06-30,IN-003,input,2.5,5255,16:58,on_time
2026-07-01,IN-003,input,1.95,4103,17:12,on_time
2026-07-02,IN-003,input,1.96,4122,17:07,on_time
2026-07-03,IN-003,input,2.1,4409,16:54,on_time
2026-07-06,IN-003,input,2.38,4995,16:52,on_time
2026-07-07,IN-003,input,1.77,3725,17:00,on_time
2026-07-08,IN-003,input,1.9,3981,17:03,on_time
2026-07-09,IN-003,input,2.02,4251,17:08,on_time
2026-07-10,IN-003,input,2.26,4744,17:08,on_time
2026-07-13,IN-003,input,2.51,5276,16:50,on_time
2026-07-14,IN-003,input,1.93,4060,17:03,on_time
2026-07-15,IN-003,input,2.11,4421,17:07,on_time
2026-07-16,IN-003,input,2.1,4414,16:58,on_time
2026-07-17,IN-003,input,1.88,3943,16:50,on_time
2026-07-20,IN-003,input,2.31,4860,16:55,on_time
2026-07-21,IN-003,input,1.76,3688,16:54,on_time
2026-07-22,IN-003,input,1.68,3523,17:08,on_time
2026-07-23,IN-003,input,1.91,4004,16:50,on_time
2026-07-24,IN-003,input,1.72,3614,16:55,on_time
2026-07-27,IN-003,input,2.61,5484,18:23,late
2026-07-28,IN-003,input,1.85,3882,17:02,on_time
2026-07-29,IN-003,input,2.0,4207,17:03,on_time
2026-07-30,IN-003,input,1.99,4183,17:07,on_time
2026-07-31,IN-003,input,2.77,5824,18:19,late
2026-08-03,IN-003,input,2.85,5986,16:51,on_time
2026-08-04,IN-003,input,2.11,4432,16:57,on_time
2026-08-05,IN-003,input,2.04,4292,16:54,on_time
2026-08-06,IN-003,input,1.98,4148,16:53,on_time
2026-08-07,IN-003,input,2.01,4216,17:01,on_time
2026-08-10,IN-003,input,2.72,5703,17:09,on_time
2026-05-13,IN-004,input,337.95,1206951,18:44,on_time
2026-05-14,IN-004,input,380.38,1358497,18:47,on_time
2026-05-15,IN-004,input,348.8,1245727,18:57,on_time
2026-05-18,IN-004,input,428.45,1530193,18:42,on_time
2026-05-19,IN-004,input,359.58,1284199,20:36,late
2026-05-20,IN-004,input,305.55,1091262,18:53,on_time
2026-05-21,IN-004,input,338.72,1209696,18:46,on_time
2026-05-22,IN-004,input,375.68,1341721,20:42,late
2026-05-25,IN-004,input,478.37,1708476,18:38,on_time
2026-05-26,IN-004,input,318.51,1137534,18:46,on_time
2026-05-27,IN-004,input,375.1,1339649,18:48,on_time
2026-05-28,IN-004,input,322.52,1151857,18:51,on_time
2026-05-29,IN-004,input,351.74,1256229,18:52,on_time
2026-06-01,IN-004,input,505.19,1804267,18:49,on_time
2026-06-02,IN-004,input,356.97,1274887,18:42,on_time
2026-06-03,IN-004,input,340.03,1214392,18:37,on_time
2026-06-04,IN-004,input,320.24,1143707,18:53,on_time
2026-06-05,IN-004,input,373.53,1334049,18:47,on_time
2026-06-08,IN-004,input,424.59,1516394,18:50,on_time
2026-06-09,IN-004,input,363.41,1297876,18:43,on_time
2026-06-10,IN-004,input,391.92,1399704,18:43,on_time
2026-06-11,IN-004,input,336.52,1201842,18:51,on_time
2026-06-12,IN-004,input,398.92,1424708,18:50,on_time
2026-06-15,IN-004,input,482.89,1724611,18:42,on_time
2026-06-16,IN-004,input,347.76,1242011,18:35,on_time
2026-06-17,IN-004,input,342.69,1223888,19:48,late
2026-06-18,IN-004,input,368.4,1315696,18:46,on_time
2026-06-19,IN-004,input,405.2,1447147,18:51,on_time
2026-06-22,IN-004,input,501.61,1791474,18:46,on_time
2026-06-23,IN-004,input,368.44,1315866,18:43,on_time
2026-06-24,IN-004,input,374.65,1338018,18:45,on_time
2026-06-25,IN-004,input,411.17,1468450,20:28,late
2026-06-26,IN-004,input,364.32,1301155,18:50,on_time
2026-06-29,IN-004,input,445.18,1589919,18:53,on_time
2026-06-30,IN-004,input,491.95,1756957,18:38,on_time
2026-07-01,IN-004,input,369.58,1319945,18:44,on_time
2026-07-02,IN-004,input,375.23,1340094,18:52,on_time
2026-07-03,IN-004,input,377.79,1349253,19:25,late
2026-07-06,IN-004,input,421.06,1503802,18:39,on_time
2026-07-07,IN-004,input,362.29,1293890,18:50,on_time
2026-07-08,IN-004,input,397.61,1420025,20:21,late
2026-07-09,IN-004,input,378.26,1350932,18:40,on_time
2026-07-10,IN-004,input,376.25,1343749,18:38,on_time
2026-07-13,IN-004,input,538.95,1924825,18:47,on_time
2026-07-14,IN-004,input,343.17,1225623,18:39,on_time
2026-07-15,IN-004,input,360.58,1287791,18:53,on_time
2026-07-16,IN-004,input,397.14,1418371,18:52,on_time
2026-07-17,IN-004,input,390.59,1394966,18:54,on_time
2026-07-20,IN-004,input,434.68,1552420,18:47,on_time
2026-07-21,IN-004,input,350.87,1253113,18:49,on_time
2026-07-22,IN-004,input,358.59,1280682,18:53,on_time
2026-07-23,IN-004,input,368.15,1314813,18:54,on_time
2026-07-24,IN-004,input,420.58,1502064,18:55,on_time
2026-07-27,IN-004,input,514.62,1837912,18:56,on_time
2026-07-28,IN-004,input,387.64,1384441,19:40,late
2026-07-29,IN-004,input,0,0,,missed
2026-07-30,IN-004,input,367.74,1313373,18:42,on_time
2026-07-31,IN-004,input,524.13,1871882,18:44,on_time
2026-08-03,IN-004,input,435.67,1555971,18:43,on_time
2026-08-04,IN-004,input,400.55,1430550,18:55,on_time
2026-08-05,IN-004,input,395.21,1411469,18:38,on_time
2026-08-06,IN-004,input,372.59,1330664,18:55,on_time
2026-08-07,IN-004,input,388.65,1388039,18:36,on_time
2026-08-10,IN-004,input,508.3,1815373,18:44,on_time
2026-05-29,IN-005,input,4.84,17425,17:02,on_time
2026-06-30,IN-005,input,7.68,27651,17:06,on_time
2026-07-31,IN-005,input,7.28,26202,17:03,on_time
2026-05-29,IN-006,input,0.1,918,16:11,on_time
2026-06-30,IN-006,input,0.11,1020,16:11,on_time
2026-07-31,IN-006,input,0.12,1076,16:08,on_time
2026-05-13,IN-007,input,46.72,321867,16:38,on_time
2026-05-14,IN-007,input,44.01,303213,16:35,on_time
2026-05-15,IN-007,input,41.86,288398,16:30,on_time
2026-05-18,IN-007,input,57.12,393513,16:25,on_time
2026-05-19,IN-007,input,44.21,304548,16:32,on_time
2026-05-20,IN-007,input,42.69,294059,16:37,on_time
2026-05-21,IN-007,input,47.2,325148,17:19,late
2026-05-22,IN-007,input,46.43,319877,16:32,on_time
2026-05-25,IN-007,input,56.61,390006,16:37,on_time
2026-05-26,IN-007,input,45.11,310725,16:21,on_time
2026-05-27,IN-007,input,41.82,288089,16:40,on_time
2026-05-28,IN-007,input,49.34,339925,16:21,on_time
2026-05-29,IN-007,input,38.37,264352,16:34,on_time
2026-06-01,IN-007,input,53.92,371460,16:35,on_time
2026-06-02,IN-007,input,49.66,342103,16:27,on_time
2026-06-03,IN-007,input,44.66,307642,16:29,on_time
2026-06-04,IN-007,input,44.08,303637,16:23,on_time
2026-06-05,IN-007,input,44.97,309809,16:23,on_time
2026-06-08,IN-007,input,62.1,427780,16:29,on_time
2026-06-09,IN-007,input,51.59,355411,16:28,on_time
2026-06-10,IN-007,input,41.94,288906,16:34,on_time
2026-06-11,IN-007,input,45.93,316423,16:32,on_time
2026-06-12,IN-007,input,41.27,284308,16:24,on_time
2026-06-15,IN-007,input,53.15,366141,16:28,on_time
2026-06-16,IN-007,input,47.41,326569,16:36,on_time
2026-06-17,IN-007,input,43.34,298567,16:20,on_time
2026-06-18,IN-007,input,44.39,305796,16:41,on_time
2026-06-19,IN-007,input,49.74,342662,16:24,on_time
2026-06-22,IN-007,input,53.6,369210,16:37,on_time
2026-06-23,IN-007,input,46.04,317178,16:30,on_time
2026-06-24,IN-007,input,48.13,331546,16:32,on_time
2026-06-25,IN-007,input,45.51,313519,16:33,on_time
2026-06-26,IN-007,input,45.65,314464,18:48,late
2026-06-29,IN-007,input,51.07,351800,16:41,on_time
2026-06-30,IN-007,input,62.75,432295,16:21,on_time
2026-07-01,IN-007,input,44.4,305868,16:38,on_time
2026-07-02,IN-007,input,50.94,350919,16:23,on_time
2026-07-03,IN-007,input,49.61,341733,16:34,on_time
2026-07-06,IN-007,input,62.53,430735,17:24,late
2026-07-07,IN-007,input,51.15,352351,16:28,on_time
2026-07-08,IN-007,input,44.39,305814,16:30,on_time
2026-07-09,IN-007,input,41.68,287159,16:37,on_time
2026-07-10,IN-007,input,43.98,303006,16:35,on_time
2026-07-13,IN-007,input,63.54,437685,16:21,on_time
2026-07-14,IN-007,input,46.62,321138,16:29,on_time
2026-07-15,IN-007,input,51.05,351692,16:22,on_time
2026-07-16,IN-007,input,49.92,343882,16:23,on_time
2026-07-17,IN-007,input,48.86,336602,16:42,on_time
2026-07-20,IN-007,input,61.35,422629,16:21,on_time
2026-07-21,IN-007,input,46.8,322376,16:31,on_time
2026-07-22,IN-007,input,46.42,319768,16:41,on_time
2026-07-23,IN-007,input,49.65,342060,16:25,on_time
2026-07-24,IN-007,input,43.87,302234,16:41,on_time
2026-07-27,IN-007,input,55.46,382024,16:38,on_time
2026-07-28,IN-007,input,43.99,303071,16:28,on_time
2026-07-29,IN-007,input,47.03,323964,16:34,on_time
2026-07-30,IN-007,input,45.61,314180,16:34,on_time
2026-07-31,IN-007,input,62.65,431584,16:38,on_time
2026-08-03,IN-007,input,64.2,442292,16:34,on_time
2026-08-04,IN-007,input,45.36,312467,16:26,on_time
2026-08-05,IN-007,input,47.49,327162,16:32,on_time
2026-08-06,IN-007,input,45.34,312346,16:38,on_time
2026-08-07,IN-007,input,46.38,319487,16:41,on_time
2026-08-10,IN-007,input,57.49,396067,16:20,on_time
2026-05-13,IN-008,input,112.28,449102,22:00,late
2026-05-14,IN-008,input,114.04,456155,19:27,on_time
2026-05-15,IN-008,input,113.11,452451,19:39,on_time
2026-05-18,IN-008,input,162.96,651827,19:41,on_time
2026-05-19,IN-008,input,123.39,493545,19:40,on_time
2026-05-20,IN-008,input,123.94,495752,19:29,on_time
2026-05-21,IN-008,input,129.09,516360,19:24,on_time
2026-05-22,IN-008,input,123.02,492067,20:42,late
2026-05-25,IN-008,input,146.07,584276,19:37,on_time
2026-05-26,IN-008,input,124.82,499273,19:31,on_time
2026-05-27,IN-008,input,135.85,543406,19:28,on_time
2026-05-28,IN-008,input,113.88,455538,19:35,on_time
2026-05-29,IN-008,input,117.52,470093,19:23,on_time
2026-06-01,IN-008,input,174.37,697490,19:22,on_time
2026-06-02,IN-008,input,139.66,558629,19:41,on_time
2026-06-03,IN-008,input,119.54,478153,19:37,on_time
2026-06-04,IN-008,input,123.62,494492,19:37,on_time
2026-06-05,IN-008,input,122.01,488026,19:31,on_time
2026-06-08,IN-008,input,148.08,592314,19:40,on_time
2026-06-09,IN-008,input,113.84,455344,19:23,on_time
2026-06-10,IN-008,input,112.26,449032,19:37,on_time
2026-06-11,IN-008,input,126.45,505802,19:39,on_time
2026-06-12,IN-008,input,139.41,557648,19:42,on_time
2026-06-15,IN-008,input,163.99,655944,19:33,on_time
2026-06-16,IN-008,input,127.35,509391,19:35,on_time
2026-06-17,IN-008,input,125.86,503444,19:27,on_time
2026-06-18,IN-008,input,131.68,526719,19:41,on_time
2026-06-19,IN-008,input,132.75,530999,19:42,on_time
2026-06-22,IN-008,input,141.55,566210,19:24,on_time
2026-06-23,IN-008,input,133.14,532568,19:40,on_time
2026-06-24,IN-008,input,117.19,468763,19:28,on_time
2026-06-25,IN-008,input,126.97,507893,20:52,late
2026-06-26,IN-008,input,120.4,481616,19:31,on_time
2026-06-29,IN-008,input,161.48,645904,19:41,on_time
2026-06-30,IN-008,input,192.56,770250,19:21,on_time
2026-07-01,IN-008,input,119.83,479332,19:26,on_time
2026-07-02,IN-008,input,143.19,572747,19:22,on_time
2026-07-03,IN-008,input,122.31,489236,19:40,on_time
2026-07-06,IN-008,input,163.54,654177,19:30,on_time
2026-07-07,IN-008,input,127.62,510489,19:24,on_time
2026-07-08,IN-008,input,132.99,531947,19:37,on_time
2026-07-09,IN-008,input,144.7,578780,19:26,on_time
2026-07-10,IN-008,input,130.24,520979,19:39,on_time
2026-07-13,IN-008,input,0,0,,missed
2026-07-14,IN-008,input,132.11,528453,19:28,on_time
2026-07-15,IN-008,input,133.1,532393,19:23,on_time
2026-07-16,IN-008,input,131.02,524099,19:27,on_time
2026-07-17,IN-008,input,129.88,519513,19:20,on_time
2026-07-20,IN-008,input,180.31,721230,19:36,on_time
2026-07-21,IN-008,input,135.07,540267,19:22,on_time
2026-07-22,IN-008,input,132.28,529133,19:23,on_time
2026-07-23,IN-008,input,119.72,478880,19:27,on_time
2026-07-24,IN-008,input,146.07,584262,19:41,on_time
2026-07-27,IN-008,input,169.28,677124,19:34,on_time
2026-07-28,IN-008,input,163.9,655611,19:32,on_time
2026-07-29,IN-008,input,137.88,551530,19:23,on_time
2026-07-30,IN-008,input,134.58,538338,19:22,on_time
2026-07-31,IN-008,input,181.67,726670,19:24,on_time
2026-08-03,IN-008,input,162.62,650461,21:15,late
2026-08-04,IN-008,input,145.24,580968,19:32,on_time
2026-08-05,IN-008,input,122.43,489726,19:39,on_time
2026-08-06,IN-008,input,130.64,522557,19:42,on_time
2026-08-07,IN-008,input,122.0,488000,19:37,on_time
2026-08-10,IN-008,input,146.74,586958,19:26,on_time
2026-05-13,IN-009,input,863.49,3272190,20:00,on_time
2026-05-14,IN-009,input,1014.16,3843114,20:11,on_time
2026-05-15,IN-009,input,1047.56,3969704,20:05,on_time
2026-05-18,IN-009,input,1152.48,4367280,22:21,late
2026-05-19,IN-009,input,851.27,3225873,21:22,late
2026-05-20,IN-009,input,997.29,3779197,20:07,on_time
2026-05-21,IN-009,input,1034.25,3919272,22:00,late
2026-05-22,IN-009,input,929.02,3520511,20:01,on_time
2026-05-25,IN-009,input,1272.45,4821905,19:51,on_time
2026-05-26,IN-009,input,927.69,3515468,20:09,on_time
2026-05-27,IN-009,input,1016.38,3851539,19:54,on_time
2026-05-28,IN-009,input,1001.57,3795408,19:57,on_time
2026-05-29,IN-009,input,903.6,3424168,19:53,on_time
2026-06-01,IN-009,input,1279.02,4846828,20:08,on_time
2026-06-02,IN-009,input,877.21,3324178,20:09,on_time
2026-06-03,IN-009,input,991.76,3758261,20:10,on_time
2026-06-04,IN-009,input,879.21,3331753,20:12,on_time
2026-06-05,IN-009,input,893.33,3385243,19:55,on_time
2026-06-08,IN-009,input,1209.65,4583953,20:01,on_time
2026-06-09,IN-009,input,0,0,,missed
2026-06-10,IN-009,input,894.46,3389545,19:54,on_time
2026-06-11,IN-009,input,929.22,3521255,19:50,on_time
2026-06-12,IN-009,input,893.0,3383990,20:04,on_time
2026-06-15,IN-009,input,1181.47,4477134,20:01,on_time
2026-06-16,IN-009,input,885.84,3356885,20:09,on_time
2026-06-17,IN-009,input,1100.64,4170859,20:41,late
2026-06-18,IN-009,input,958.85,3633554,19:52,on_time
2026-06-19,IN-009,input,937.06,3550955,20:11,on_time
2026-06-22,IN-009,input,1131.09,4286222,19:56,on_time
2026-06-23,IN-009,input,916.12,3471627,19:53,on_time
2026-06-24,IN-009,input,1037.22,3930501,20:08,on_time
2026-06-25,IN-009,input,1024.79,3883429,20:11,on_time
2026-06-26,IN-009,input,995.81,3773599,19:51,on_time
2026-06-29,IN-009,input,0,0,,missed
2026-06-30,IN-009,input,1357.75,5145176,19:58,on_time
2026-07-01,IN-009,input,996.72,3777043,19:53,on_time
2026-07-02,IN-009,input,0,0,,missed
2026-07-03,IN-009,input,919.86,3485775,20:12,on_time
2026-07-06,IN-009,input,1086.34,4116657,20:01,on_time
2026-07-07,IN-009,input,926.52,3511038,22:25,late
2026-07-08,IN-009,input,893.98,3387701,19:52,on_time
2026-07-09,IN-009,input,992.26,3760136,20:08,on_time
2026-07-10,IN-009,input,883.76,3348998,19:59,on_time
2026-07-13,IN-009,input,1273.14,4824512,19:50,on_time
2026-07-14,IN-009,input,1041.49,3946716,20:04,on_time
2026-07-15,IN-009,input,1109.05,4202714,20:01,on_time
2026-07-16,IN-009,input,992.89,3762521,20:08,on_time
2026-07-17,IN-009,input,923.1,3498068,19:52,on_time
2026-07-20,IN-009,input,1178.54,4466063,20:00,on_time
2026-07-21,IN-009,input,1023.04,3876784,19:52,on_time
2026-07-22,IN-009,input,1026.97,3891660,20:01,on_time
2026-07-23,IN-009,input,1019.34,3862757,20:10,on_time
2026-07-24,IN-009,input,969.8,3675013,19:56,on_time
2026-07-27,IN-009,input,1256.45,4761291,19:54,on_time
2026-07-28,IN-009,input,943.77,3576407,20:10,on_time
2026-07-29,IN-009,input,932.6,3534067,20:08,on_time
2026-07-30,IN-009,input,821.88,3114481,20:08,on_time
2026-07-31,IN-009,input,1423.36,5393793,20:09,on_time
2026-08-03,IN-009,input,1283.69,4864494,20:04,on_time
2026-08-04,IN-009,input,958.31,3631498,21:31,late
2026-08-05,IN-009,input,995.32,3771742,20:01,on_time
2026-08-06,IN-009,input,882.52,3344271,19:59,on_time
2026-08-07,IN-009,input,1033.03,3914631,19:59,on_time
2026-08-10,IN-009,input,1232.08,4668950,22:25,late
2026-05-13,IN-010,input,254.35,4408692,19:51,on_time
2026-05-14,IN-010,input,274.99,4766565,20:08,on_time
2026-05-15,IN-010,input,290.09,5028168,19:54,on_time
2026-05-18,IN-010,input,403.44,6992909,20:04,on_time
2026-05-19,IN-010,input,317.0,5494722,22:06,late
2026-05-20,IN-010,input,290.17,5029647,21:57,late
2026-05-21,IN-010,input,302.2,5238113,20:04,on_time
2026-05-22,IN-010,input,324.8,5629945,20:09,on_time
2026-05-25,IN-010,input,363.45,6299772,20:03,on_time
2026-05-26,IN-010,input,315.45,5467758,20:11,on_time
2026-05-27,IN-010,input,310.76,5386566,19:52,on_time
2026-05-28,IN-010,input,273.77,4745404,20:07,on_time
2026-05-29,IN-010,input,296.49,5139218,20:11,on_time
2026-06-01,IN-010,input,422.32,7320286,20:09,on_time
2026-06-02,IN-010,input,290.59,5036880,19:54,on_time
2026-06-03,IN-010,input,329.37,5709009,19:59,on_time
2026-06-04,IN-010,input,298.38,5172005,20:09,on_time
2026-06-05,IN-010,input,285.18,4943127,19:52,on_time
2026-06-08,IN-010,input,348.73,6044648,19:54,on_time
2026-06-09,IN-010,input,332.91,5770403,20:11,on_time
2026-06-10,IN-010,input,333.19,5775300,20:06,on_time
2026-06-11,IN-010,input,324.53,5625254,20:01,on_time
2026-06-12,IN-010,input,325.78,5646804,20:05,on_time
2026-06-15,IN-010,input,377.24,6538877,19:54,on_time
2026-06-16,IN-010,input,297.2,5151495,20:06,on_time
2026-06-17,IN-010,input,344.66,5974089,20:06,on_time
2026-06-18,IN-010,input,289.36,5015521,20:51,late
2026-06-19,IN-010,input,340.19,5896564,19:54,on_time
2026-06-22,IN-010,input,409.47,7097529,19:55,on_time
2026-06-23,IN-010,input,277.16,4804094,19:51,on_time
2026-06-24,IN-010,input,302.73,5247256,20:04,on_time
2026-06-25,IN-010,input,295.79,5126950,20:04,on_time
2026-06-26,IN-010,input,314.16,5445447,20:05,on_time
2026-06-29,IN-010,input,459.27,7960744,19:56,on_time
2026-06-30,IN-010,input,518.98,8995597,20:04,on_time
2026-07-01,IN-010,input,290.98,5043660,20:02,on_time
2026-07-02,IN-010,input,300.42,5207202,19:56,on_time
2026-07-03,IN-010,input,318.32,5517543,19:54,on_time
2026-07-06,IN-010,input,420.49,7288449,20:01,on_time
2026-07-07,IN-010,input,320.98,5563655,19:53,on_time
2026-07-08,IN-010,input,301.89,5232689,19:52,on_time
2026-07-09,IN-010,input,312.25,5412273,19:58,on_time
2026-07-10,IN-010,input,272.36,4720870,19:52,on_time
2026-07-13,IN-010,input,388.55,6734823,19:57,on_time
2026-07-14,IN-010,input,352.61,6111898,20:03,on_time
2026-07-15,IN-010,input,281.05,4871485,21:39,late
2026-07-16,IN-010,input,308.15,5341265,19:57,on_time
2026-07-17,IN-010,input,321.23,5567902,20:47,late
2026-07-20,IN-010,input,366.17,6346901,19:54,on_time
2026-07-21,IN-010,input,284.5,4931260,22:21,late
2026-07-22,IN-010,input,334.65,5800639,20:05,on_time
2026-07-23,IN-010,input,284.03,4923133,19:50,on_time
2026-07-24,IN-010,input,332.25,5758960,19:54,on_time
2026-07-27,IN-010,input,399.31,6921335,20:09,on_time
2026-07-28,IN-010,input,331.88,5752586,19:59,on_time
2026-07-29,IN-010,input,329.87,5717832,19:57,on_time
2026-07-30,IN-010,input,325.01,5633533,19:53,on_time
2026-07-31,IN-010,input,412.75,7154414,20:05,on_time
2026-08-03,IN-010,input,432.5,7496616,19:57,on_time
2026-08-04,IN-010,input,322.25,5585710,19:59,on_time
2026-08-05,IN-010,input,307.25,5325586,20:03,on_time
2026-08-06,IN-010,input,308.97,5355555,20:11,on_time
2026-08-07,IN-010,input,328.47,5693417,21:42,late
2026-08-10,IN-010,input,399.44,6923632,20:06,on_time
2026-05-13,IN-011,input,8.43,100050,17:50,on_time
2026-05-14,IN-011,input,7.95,94434,17:52,on_time
2026-05-15,IN-011,input,7.92,94076,18:08,on_time
2026-05-18,IN-011,input,9.04,107342,18:00,on_time
2026-05-19,IN-011,input,7.71,91600,18:10,on_time
2026-05-20,IN-011,input,8.43,100126,18:11,on_time
2026-05-21,IN-011,input,7.76,92139,17:54,on_time
2026-05-22,IN-011,input,7.28,86466,20:14,late
2026-05-25,IN-011,input,10.51,124789,17:56,on_time
2026-05-26,IN-011,input,8.13,96539,18:00,on_time
2026-05-27,IN-011,input,6.36,75528,18:07,on_time
2026-05-28,IN-011,input,7.89,93643,17:51,on_time
2026-05-29,IN-011,input,8.24,97898,17:51,on_time
2026-06-01,IN-011,input,10.7,127015,18:00,on_time
2026-06-02,IN-011,input,8.25,97972,18:02,on_time
2026-06-03,IN-011,input,7.49,88972,18:02,on_time
2026-06-04,IN-011,input,8.41,99839,18:01,on_time
2026-06-05,IN-011,input,8.88,105398,18:06,on_time
2026-06-08,IN-011,input,10.75,127685,18:03,on_time
2026-06-09,IN-011,input,8.38,99558,17:55,on_time
2026-06-10,IN-011,input,7.99,94902,18:11,on_time
2026-06-11,IN-011,input,8.3,98609,18:04,on_time
2026-06-12,IN-011,input,7.32,86960,18:01,on_time
2026-06-15,IN-011,input,10.62,126129,18:01,on_time
2026-06-16,IN-011,input,7.37,87487,17:51,on_time
2026-06-17,IN-011,input,8.44,100194,19:56,late
2026-06-18,IN-011,input,7.18,85206,17:55,on_time
2026-06-19,IN-011,input,8.04,95519,17:54,on_time
2026-06-22,IN-011,input,9.83,116738,17:54,on_time
2026-06-23,IN-011,input,7.58,90066,20:14,late
2026-06-24,IN-011,input,7.24,85930,17:51,on_time
2026-06-25,IN-011,input,9.2,109273,18:11,on_time
2026-06-26,IN-011,input,7.72,91662,17:52,on_time
2026-06-29,IN-011,input,10.75,127693,18:06,on_time
2026-06-30,IN-011,input,11.17,132599,17:53,on_time
2026-07-01,IN-011,input,8.59,101951,18:58,late
2026-07-02,IN-011,input,7.61,90339,17:58,on_time
2026-07-03,IN-011,input,8.65,102672,18:12,on_time
2026-07-06,IN-011,input,10.81,128348,18:05,on_time
2026-07-07,IN-011,input,8.17,97017,17:54,on_time
2026-07-08,IN-011,input,7.01,83282,18:04,on_time
2026-07-09,IN-011,input,8.55,101544,18:11,on_time
2026-07-10,IN-011,input,9.04,107333,18:12,on_time
2026-07-13,IN-011,input,10.16,120657,19:44,late
2026-07-14,IN-011,input,8.1,96184,18:12,on_time
2026-07-15,IN-011,input,8.53,101255,18:10,on_time
2026-07-16,IN-011,input,7.95,94360,17:56,on_time
2026-07-17,IN-011,input,8.53,101253,17:57,on_time
2026-07-20,IN-011,input,11.18,132774,18:01,on_time
2026-07-21,IN-011,input,8.35,99118,18:07,on_time
2026-07-22,IN-011,input,8.39,99613,18:02,on_time
2026-07-23,IN-011,input,8.09,96090,18:05,on_time
2026-07-24,IN-011,input,8.37,99338,17:52,on_time
2026-07-27,IN-011,input,8.97,106566,18:00,on_time
2026-07-28,IN-011,input,7.42,88116,18:01,on_time
2026-07-29,IN-011,input,8.52,101204,18:07,on_time
2026-07-30,IN-011,input,8.88,105448,18:03,on_time
2026-07-31,IN-011,input,13.48,160084,17:51,on_time
2026-08-03,IN-011,input,9.72,115476,17:55,on_time
2026-08-04,IN-011,input,8.22,97571,18:12,on_time
2026-08-05,IN-011,input,8.94,106147,17:59,on_time
2026-08-06,IN-011,input,8.05,95616,17:58,on_time
2026-08-07,IN-011,input,8.73,103661,18:10,on_time
2026-08-10,IN-011,input,10.21,121218,18:07,on_time
2026-05-18,IN-012,input,1.31,5515,16:09,on_time
2026-05-25,IN-012,input,1.37,5755,16:08,on_time
2026-06-01,IN-012,input,1.29,5427,17:57,late
2026-06-08,IN-012,input,1.25,5239,15:58,on_time
2026-06-15,IN-012,input,1.29,5425,16:10,on_time
2026-06-22,IN-012,input,1.2,5021,18:28,late
2026-06-29,IN-012,input,1.24,5205,16:05,on_time
2026-07-06,IN-012,input,1.52,6399,16:11,on_time
2026-07-13,IN-012,input,1.18,4935,15:55,on_time
2026-07-20,IN-012,input,1.36,5696,16:05,on_time
2026-07-27,IN-012,input,1.3,5439,16:12,on_time
2026-08-03,IN-012,input,1.37,5767,16:01,on_time
2026-08-10,IN-012,input,1.4,5869,16:07,on_time
2026-05-13,IN-013,input,6.3,13116,17:24,on_time
2026-05-14,IN-013,input,5.89,12276,17:39,on_time
2026-05-15,IN-013,input,6.39,13317,17:25,on_time
2026-05-18,IN-013,input,8.24,17169,17:26,on_time
2026-05-19,IN-013,input,5.71,11889,17:35,on_time
2026-05-20,IN-013,input,5.13,10692,17:35,on_time
2026-05-21,IN-013,input,6.15,12807,18:55,late
2026-05-22,IN-013,input,6.25,13021,17:31,on_time
2026-05-25,IN-013,input,7.37,15349,17:29,on_time
2026-05-26,IN-013,input,6.4,13331,17:35,on_time
2026-05-27,IN-013,input,5.54,11537,17:20,on_time
2026-05-28,IN-013,input,5.16,10754,17:31,on_time
2026-05-29,IN-013,input,6.3,13127,17:31,on_time
2026-06-01,IN-013,input,8.04,16754,17:31,on_time
2026-06-02,IN-013,input,6.09,12692,17:22,on_time
2026-06-03,IN-013,input,5.42,11295,17:39,on_time
2026-06-04,IN-013,input,6.08,12660,17:23,on_time
2026-06-05,IN-013,input,6.24,13002,17:30,on_time
2026-06-08,IN-013,input,7.66,15961,17:31,on_time
2026-06-09,IN-013,input,6.05,12609,17:36,on_time
2026-06-10,IN-013,input,6.36,13251,18:09,late
2026-06-11,IN-013,input,5.66,11785,17:34,on_time
2026-06-12,IN-013,input,6.29,13106,17:36,on_time
2026-06-15,IN-013,input,7.75,16150,17:32,on_time
2026-06-16,IN-013,input,5.72,11917,17:29,on_time
2026-06-17,IN-013,input,5.38,11202,17:35,on_time
2026-06-18,IN-013,input,5.84,12168,17:29,on_time
2026-06-19,IN-013,input,6.23,12969,17:23,on_time
2026-06-22,IN-013,input,7.36,15329,17:38,on_time
2026-06-23,IN-013,input,6.51,13566,17:40,on_time
2026-06-24,IN-013,input,5.35,11141,19:05,late
2026-06-25,IN-013,input,5.23,10887,17:38,on_time
2026-06-26,IN-013,input,4.93,10265,17:21,on_time
2026-06-29,IN-013,input,7.62,15876,17:39,on_time
2026-06-30,IN-013,input,8.85,18437,17:32,on_time
2026-07-01,IN-013,input,5.77,12022,17:42,on_time
2026-07-02,IN-013,input,5.72,11910,17:20,on_time
2026-07-03,IN-013,input,5.44,11334,17:26,on_time
2026-07-06,IN-013,input,7.5,15623,17:39,on_time
2026-07-07,IN-013,input,6.25,13026,17:21,on_time
2026-07-08,IN-013,input,5.31,11070,17:36,on_time
2026-07-09,IN-013,input,5.51,11484,17:36,on_time
2026-07-10,IN-013,input,6.31,13147,17:25,on_time
2026-07-13,IN-013,input,6.59,13728,17:41,on_time
2026-07-14,IN-013,input,5.66,11791,17:41,on_time
2026-07-15,IN-013,input,5.57,11599,17:26,on_time
2026-07-16,IN-013,input,5.24,10914,17:28,on_time
2026-07-17,IN-013,input,5.92,12340,17:29,on_time
2026-07-20,IN-013,input,8.51,17730,17:42,on_time
2026-07-21,IN-013,input,5.64,11750,17:31,on_time
2026-07-22,IN-013,input,5.4,11245,17:28,on_time
2026-07-23,IN-013,input,5.28,11002,17:32,on_time
2026-07-24,IN-013,input,5.5,11465,17:24,on_time
2026-07-27,IN-013,input,6.96,14497,17:31,on_time
2026-07-28,IN-013,input,6.33,13180,17:40,on_time
2026-07-29,IN-013,input,5.44,11336,17:37,on_time
2026-07-30,IN-013,input,5.74,11956,17:37,on_time
2026-07-31,IN-013,input,8.48,17672,17:38,on_time
2026-08-03,IN-013,input,7.63,15903,17:21,on_time
2026-08-04,IN-013,input,5.13,10684,17:21,on_time
2026-08-05,IN-013,input,5.57,11607,17:30,on_time
2026-08-06,IN-013,input,6.23,12974,17:20,on_time
2026-08-07,IN-013,input,6.08,12658,17:25,on_time
2026-08-10,IN-013,input,8.01,16690,17:35,on_time
2026-05-13,IN-014,input,70.72,245169,19:51,on_time
2026-05-14,IN-014,input,80.79,280082,20:07,on_time
2026-05-15,IN-014,input,78.63,272598,19:51,on_time
2026-05-18,IN-014,input,99.84,346106,19:55,on_time
2026-05-19,IN-014,input,84.61,293305,19:51,on_time
2026-05-20,IN-014,input,70.03,242783,19:59,on_time
2026-05-21,IN-014,input,78.62,272532,19:50,on_time
2026-05-22,IN-014,input,65.29,226335,20:00,on_time
2026-05-25,IN-014,input,84.54,293066,20:10,on_time
2026-05-26,IN-014,input,62.5,216651,20:06,on_time
2026-05-27,IN-014,input,75.33,261137,19:56,on_time
2026-05-28,IN-014,input,70.72,245168,20:10,on_time
2026-05-29,IN-014,input,82.26,285156,19:55,on_time
2026-06-01,IN-014,input,0,0,,missed
2026-06-02,IN-014,input,78.53,272240,19:56,on_time
2026-06-03,IN-014,input,81.69,283181,20:03,on_time
2026-06-04,IN-014,input,66.0,228809,19:52,on_time
2026-06-05,IN-014,input,86.98,301544,20:05,on_time
2026-06-08,IN-014,input,103.85,359998,19:57,on_time
2026-06-09,IN-014,input,0,0,,missed
2026-06-10,IN-014,input,78.51,272170,20:00,on_time
2026-06-11,IN-014,input,74.56,258491,20:10,on_time
2026-06-12,IN-014,input,73.91,256212,19:57,on_time
2026-06-15,IN-014,input,97.44,337796,21:26,late
2026-06-16,IN-014,input,77.67,269266,20:12,on_time
2026-06-17,IN-014,input,71.91,249271,19:59,on_time
2026-06-18,IN-014,input,67.69,234662,19:57,on_time
2026-06-19,IN-014,input,76.63,265645,20:09,on_time
2026-06-22,IN-014,input,96.03,332911,20:12,on_time
2026-06-23,IN-014,input,68.2,236428,20:11,on_time
2026-06-24,IN-014,input,75.75,262585,19:57,on_time
2026-06-25,IN-014,input,66.99,232215,20:06,on_time
2026-06-26,IN-014,input,69.34,240392,20:12,on_time
2026-06-29,IN-014,input,95.9,332457,20:07,on_time
2026-06-30,IN-014,input,102.53,355448,19:56,on_time
2026-07-01,IN-014,input,77.23,267726,20:06,on_time
2026-07-02,IN-014,input,78.24,271234,20:11,on_time
2026-07-03,IN-014,input,72.5,251327,20:06,on_time
2026-07-06,IN-014,input,91.63,317653,19:51,on_time
2026-07-07,IN-014,input,68.69,238137,19:51,on_time
2026-07-08,IN-014,input,73.94,256328,20:11,on_time
2026-07-09,IN-014,input,73.54,254921,19:50,on_time
2026-07-10,IN-014,input,69.24,240041,20:08,on_time
2026-07-13,IN-014,input,84.0,291184,21:44,late
2026-07-14,IN-014,input,78.08,270693,19:52,on_time
2026-07-15,IN-014,input,70.13,243120,19:55,on_time
2026-07-16,IN-014,input,75.08,260290,20:10,on_time
2026-07-17,IN-014,input,71.02,246200,20:02,on_time
2026-07-20,IN-014,input,87.48,303267,20:02,on_time
2026-07-21,IN-014,input,71.14,246631,20:07,on_time
2026-07-22,IN-014,input,67.29,233279,20:01,on_time
2026-07-23,IN-014,input,79.45,275438,19:54,on_time
2026-07-24,IN-014,input,74.02,256602,19:57,on_time
2026-07-27,IN-014,input,93.48,324051,20:04,on_time
2026-07-28,IN-014,input,59.83,207402,20:07,on_time
2026-07-29,IN-014,input,71.48,247790,20:04,on_time
2026-07-30,IN-014,input,76.77,266142,19:58,on_time
2026-07-31,IN-014,input,112.62,390413,19:51,on_time
2026-08-03,IN-014,input,84.88,294264,20:03,on_time
2026-08-04,IN-014,input,84.16,291755,19:57,on_time
2026-08-05,IN-014,input,69.89,242269,19:53,on_time
2026-08-06,IN-014,input,66.81,231594,19:51,on_time
2026-08-07,IN-014,input,76.67,265775,19:51,on_time
2026-08-10,IN-014,input,93.04,322545,19:51,on_time
2026-05-29,IN-015,input,2.09,8141,17:08,on_time
2026-06-30,IN-015,input,2.52,9844,17:00,on_time
2026-07-31,IN-015,input,2.57,10019,16:54,on_time
2026-05-13,IN-016,input,583.81,1915615,18:55,on_time
2026-05-14,IN-016,input,619.23,2031848,19:03,on_time
2026-05-15,IN-016,input,679.72,2230338,19:10,on_time
2026-05-18,IN-016,input,815.92,2677243,19:06,on_time
2026-05-19,IN-016,input,618.86,2030644,19:02,on_time
2026-05-20,IN-016,input,653.88,2145549,19:07,on_time
2026-05-21,IN-016,input,663.42,2176850,19:12,on_time
2026-05-22,IN-016,input,610.57,2003435,19:04,on_time
2026-05-25,IN-016,input,666.26,2186180,19:07,on_time
2026-05-26,IN-016,input,597.0,1958910,19:02,on_time
2026-05-27,IN-016,input,660.9,2168568,19:04,on_time
2026-05-28,IN-016,input,704.4,2311317,18:52,on_time
2026-05-29,IN-016,input,649.46,2131055,19:02,on_time
2026-06-01,IN-016,input,787.59,2584275,19:09,on_time
2026-06-02,IN-016,input,716.07,2349613,20:50,late
2026-06-03,IN-016,input,679.16,2228505,19:07,on_time
2026-06-04,IN-016,input,668.46,2193400,18:59,on_time
2026-06-05,IN-016,input,738.48,2423122,18:50,on_time
2026-06-08,IN-016,input,839.11,2753342,19:05,on_time
2026-06-09,IN-016,input,713.12,2339934,19:12,on_time
2026-06-10,IN-016,input,672.56,2206821,19:07,on_time
2026-06-11,IN-016,input,740.6,2430098,18:59,on_time
2026-06-12,IN-016,input,602.99,1978572,18:58,on_time
2026-06-15,IN-016,input,795.18,2609175,19:05,on_time
2026-06-16,IN-016,input,668.8,2194488,19:00,on_time
2026-06-17,IN-016,input,577.01,1893307,19:01,on_time
2026-06-18,IN-016,input,732.13,2402289,18:54,on_time
2026-06-19,IN-016,input,671.28,2202644,20:45,late
2026-06-22,IN-016,input,756.03,2480736,18:54,on_time
2026-06-23,IN-016,input,623.88,2047091,18:57,on_time
2026-06-24,IN-016,input,673.09,2208582,19:10,on_time
2026-06-25,IN-016,input,600.52,1970459,19:00,on_time
2026-06-26,IN-016,input,698.08,2290590,19:10,on_time
2026-06-29,IN-016,input,676.13,2218544,19:04,on_time
2026-06-30,IN-016,input,917.13,3009317,19:07,on_time
2026-07-01,IN-016,input,621.04,2037778,19:07,on_time
2026-07-02,IN-016,input,700.96,2300024,18:52,on_time
2026-07-03,IN-016,input,633.19,2077647,19:11,on_time
2026-07-06,IN-016,input,841.23,2760274,20:55,late
2026-07-07,IN-016,input,649.46,2131047,19:12,on_time
2026-07-08,IN-016,input,658.41,2160406,18:51,on_time
2026-07-09,IN-016,input,697.93,2290079,19:11,on_time
2026-07-10,IN-016,input,705.83,2315990,18:50,on_time
2026-07-13,IN-016,input,0,0,,missed
2026-07-14,IN-016,input,705.22,2314013,18:58,on_time
2026-07-15,IN-016,input,653.86,2145472,18:59,on_time
2026-07-16,IN-016,input,676.18,2218726,21:18,late
2026-07-17,IN-016,input,587.18,1926677,18:55,on_time
2026-07-20,IN-016,input,839.67,2755177,19:59,late
2026-07-21,IN-016,input,665.34,2183150,18:58,on_time
2026-07-22,IN-016,input,645.81,2119049,19:01,on_time
2026-07-23,IN-016,input,696.49,2285352,19:04,on_time
2026-07-24,IN-016,input,683.64,2243196,19:11,on_time
2026-07-27,IN-016,input,811.94,2664174,18:52,on_time
2026-07-28,IN-016,input,700.14,2297325,18:52,on_time
2026-07-29,IN-016,input,591.95,1942342,19:02,on_time
2026-07-30,IN-016,input,657.92,2158791,18:55,on_time
2026-07-31,IN-016,input,916.08,3005880,21:23,late
2026-08-03,IN-016,input,831.6,2728682,18:53,on_time
2026-08-04,IN-016,input,595.13,1952762,18:51,on_time
2026-08-05,IN-016,input,710.04,2329811,19:08,on_time
2026-08-06,IN-016,input,612.29,2009084,18:51,on_time
2026-08-07,IN-016,input,638.39,2094727,19:07,on_time
2026-08-10,IN-016,input,774.62,2541718,18:51,on_time
2026-06-30,IN-017,input,0.72,2164,17:02,on_time
2026-05-13,IN-018,input,93.68,451877,18:47,on_time
2026-05-14,IN-018,input,79.39,382932,18:39,on_time
2026-05-15,IN-018,input,83.64,403436,18:57,on_time
2026-05-18,IN-018,input,86.42,416847,18:36,on_time
2026-05-19,IN-018,input,85.27,411313,19:49,late
2026-05-20,IN-018,input,79.9,385376,18:54,on_time
2026-05-21,IN-018,input,94.1,453884,18:45,on_time
2026-05-22,IN-018,input,82.79,399344,20:22,late
2026-05-25,IN-018,input,130.37,628829,18:52,on_time
2026-05-26,IN-018,input,77.52,373936,18:56,on_time
2026-05-27,IN-018,input,89.59,432128,18:54,on_time
2026-05-28,IN-018,input,85.93,414507,18:43,on_time
2026-05-29,IN-018,input,88.29,425874,18:57,on_time
2026-06-01,IN-018,input,111.88,539672,18:46,on_time
2026-06-02,IN-018,input,91.12,439512,19:20,late
2026-06-03,IN-018,input,76.63,369610,18:38,on_time
2026-06-04,IN-018,input,89.77,433024,18:40,on_time
2026-06-05,IN-018,input,79.57,383792,18:38,on_time
2026-06-08,IN-018,input,104.98,506378,20:05,late
2026-06-09,IN-018,input,77.88,375649,18:47,on_time
2026-06-10,IN-018,input,80.57,388624,20:12,late
2026-06-11,IN-018,input,97.96,472496,18:42,on_time
2026-06-12,IN-018,input,93.39,450489,18:40,on_time
2026-06-15,IN-018,input,111.59,538272,18:43,on_time
2026-06-16,IN-018,input,91.22,439983,18:37,on_time
2026-06-17,IN-018,input,86.22,415898,18:37,on_time
2026-06-18,IN-018,input,92.2,444713,18:42,on_time
2026-06-19,IN-018,input,78.73,379748,18:49,on_time
2026-06-22,IN-018,input,109.47,528029,19:58,late
2026-06-23,IN-018,input,78.1,376709,20:08,late
2026-06-24,IN-018,input,94.63,456469,18:45,on_time
2026-06-25,IN-018,input,77.18,372299,18:55,on_time
2026-06-26,IN-018,input,92.41,445741,18:39,on_time
2026-06-29,IN-018,input,100.27,483651,18:50,on_time
2026-06-30,IN-018,input,114.94,554405,18:47,on_time
2026-07-01,IN-018,input,85.44,412125,18:50,on_time
2026-07-02,IN-018,input,97.11,468396,18:42,on_time
2026-07-03,IN-018,input,85.95,414595,18:46,on_time
2026-07-06,IN-018,input,123.52,595804,20:32,late
2026-07-07,IN-018,input,92.12,444363,18:52,on_time
2026-07-08,IN-018,input,88.23,425562,20:53,late
2026-07-09,IN-018,input,86.63,417880,18:44,on_time
2026-07-10,IN-018,input,81.99,395474,18:37,on_time
2026-07-13,IN-018,input,112.98,544982,18:50,on_time
2026-07-14,IN-018,input,82.54,398137,18:44,on_time
2026-07-15,IN-018,input,83.36,402098,18:47,on_time
2026-07-16,IN-018,input,80.49,388261,20:36,late
2026-07-17,IN-018,input,82.82,399492,18:57,on_time
2026-07-20,IN-018,input,116.65,562673,18:36,on_time
2026-07-21,IN-018,input,80.64,388981,18:52,on_time
2026-07-22,IN-018,input,99.36,479253,18:37,on_time
2026-07-23,IN-018,input,89.28,430635,19:41,late
2026-07-24,IN-018,input,98.47,474962,18:36,on_time
2026-07-27,IN-018,input,104.85,505736,18:45,on_time
2026-07-28,IN-018,input,82.33,397118,18:48,on_time
2026-07-29,IN-018,input,93.14,449280,20:55,late
2026-07-30,IN-018,input,92.17,444571,18:53,on_time
2026-07-31,IN-018,input,127.04,612799,18:49,on_time
2026-08-03,IN-018,input,119.76,577670,18:53,on_time
2026-08-04,IN-018,input,102.69,495326,18:50,on_time
2026-08-05,IN-018,input,107.76,519762,20:13,late
2026-08-06,IN-018,input,100.2,483301,18:39,on_time
2026-08-07,IN-018,input,96.17,463863,18:45,on_time
2026-08-10,IN-018,input,115.22,555767,18:50,on_time
2026-05-13,OUT-001,output,237.04,1454575,22:36,on_time
2026-05-14,OUT-001,output,242.55,1488344,22:55,on_time
2026-05-15,OUT-001,output,239.99,1472681,22:40,on_time
2026-05-18,OUT-001,output,274.1,1682001,22:52,on_time
2026-05-19,OUT-001,output,201.91,1239009,22:52,on_time
2026-05-20,OUT-001,output,193.73,1188789,22:55,on_time
2026-05-21,OUT-001,output,227.15,1393875,22:55,on_time
2026-05-22,OUT-001,output,200.69,1231495,22:41,on_time
2026-05-25,OUT-001,output,295.46,1813076,22:48,on_time
2026-05-26,OUT-001,output,218.08,1338188,22:57,on_time
2026-05-27,OUT-001,output,211.02,1294873,22:37,on_time
2026-05-28,OUT-001,output,227.06,1393313,22:46,on_time
2026-05-29,OUT-001,output,202.96,1245451,22:49,on_time
2026-06-01,OUT-001,output,266.13,1633053,22:55,on_time
2026-06-02,OUT-001,output,205.77,1262701,22:47,on_time
2026-06-03,OUT-001,output,209.39,1284916,22:49,on_time
2026-06-04,OUT-001,output,214.27,1314826,22:56,on_time
2026-06-05,OUT-001,output,215.51,1322458,22:37,on_time
2026-06-08,OUT-001,output,303.2,1860529,22:45,on_time
2026-06-09,OUT-001,output,218.75,1342337,22:57,on_time
2026-06-10,OUT-001,output,231.5,1420561,22:47,on_time
2026-06-11,OUT-001,output,232.2,1424835,22:40,on_time
2026-06-12,OUT-001,output,234.03,1436072,22:52,on_time
2026-06-15,OUT-001,output,227.13,1393739,22:52,on_time
2026-06-16,OUT-001,output,169.76,1041699,22:44,on_time
2026-06-17,OUT-001,output,216.01,1325523,22:36,on_time
2026-06-18,OUT-001,output,238.53,1463676,22:35,on_time
2026-06-19,OUT-001,output,228.1,1399702,22:52,on_time
2026-06-22,OUT-001,output,297.02,1822612,22:50,on_time
2026-06-23,OUT-001,output,198.67,1219083,22:49,on_time
2026-06-24,OUT-001,output,224.58,1378105,22:37,on_time
2026-06-25,OUT-001,output,226.52,1389999,22:36,on_time
2026-06-26,OUT-001,output,212.87,1306266,22:52,on_time
2026-06-29,OUT-001,output,284.47,1745615,22:50,on_time
2026-06-30,OUT-001,output,285.49,1751861,22:38,on_time
2026-07-01,OUT-001,output,221.65,1360139,22:46,on_time
2026-07-02,OUT-001,output,243.43,1493754,22:36,on_time
2026-07-03,OUT-001,output,213.74,1311562,22:48,on_time
2026-07-06,OUT-001,output,285.27,1750513,22:55,on_time
2026-07-07,OUT-001,output,206.63,1267939,22:49,on_time
2026-07-08,OUT-001,output,281.68,1728483,22:37,on_time
2026-07-09,OUT-001,output,251.63,1544081,22:42,on_time
2026-07-10,OUT-001,output,223.53,1371650,22:53,on_time
2026-07-13,OUT-001,output,298.34,1830741,22:48,on_time
2026-07-14,OUT-001,output,208.31,1278296,22:39,on_time
2026-07-15,OUT-001,output,236.03,1448344,22:53,on_time
2026-07-16,OUT-001,output,198.77,1219722,22:43,on_time
2026-07-17,OUT-001,output,246.6,1513236,22:44,on_time
2026-07-20,OUT-001,output,329.44,2021561,22:43,on_time
2026-07-21,OUT-001,output,191.69,1176274,22:38,on_time
2026-07-22,OUT-001,output,222.44,1364961,22:48,on_time
2026-07-23,OUT-001,output,257.27,1578688,22:39,on_time
2026-07-24,OUT-001,output,224.16,1375544,22:39,on_time
2026-07-27,OUT-001,output,273.46,1678020,22:56,on_time
2026-07-28,OUT-001,output,197.14,1209727,22:39,on_time
2026-07-29,OUT-001,output,224.13,1375362,22:49,on_time
2026-07-30,OUT-001,output,242.39,1487393,22:37,on_time
2026-07-31,OUT-001,output,316.65,1943094,22:46,on_time
2026-08-03,OUT-001,output,252.54,1549651,22:50,on_time
2026-08-04,OUT-001,output,253.87,1557867,22:37,on_time
2026-08-05,OUT-001,output,227.03,1393131,22:49,on_time
2026-08-06,OUT-001,output,216.63,1329319,22:52,on_time
2026-08-07,OUT-001,output,197.52,1212033,22:48,on_time
2026-08-10,OUT-001,output,266.22,1633600,22:44,on_time
2026-05-29,OUT-002,output,65.86,243180,23:30,on_time
2026-06-30,OUT-002,output,94.21,347837,23:40,on_time
2026-07-31,OUT-002,output,93.97,346950,23:34,on_time
2026-05-13,OUT-003,output,837.62,3114220,22:42,on_time
2026-05-14,OUT-003,output,776.63,2887484,22:40,on_time
2026-05-15,OUT-003,output,857.79,3189209,22:22,on_time
2026-05-18,OUT-003,output,873.62,3248064,22:28,on_time
2026-05-19,OUT-003,output,737.24,2741028,22:21,on_time
2026-05-20,OUT-003,output,709.5,2637900,22:29,on_time
2026-05-21,OUT-003,output,778.61,2894832,22:22,on_time
2026-05-22,OUT-003,output,718.79,2672420,22:20,on_time
2026-05-25,OUT-003,output,1049.17,3900752,22:36,on_time
2026-05-26,OUT-003,output,808.9,3007440,22:20,on_time
2026-05-27,OUT-003,output,0,0,,missed
2026-05-28,OUT-003,output,796.7,2962074,22:42,on_time
2026-05-29,OUT-003,output,821.46,3054161,22:23,on_time
2026-06-01,OUT-003,output,993.84,3695057,22:31,on_time
2026-06-02,OUT-003,output,832.42,3094904,22:24,on_time
2026-06-03,OUT-003,output,842.0,3130509,22:41,on_time
2026-06-04,OUT-003,output,764.06,2840739,22:40,on_time
2026-06-05,OUT-003,output,769.22,2859927,22:31,on_time
2026-06-08,OUT-003,output,934.93,3476003,22:33,on_time
2026-06-09,OUT-003,output,746.7,2776181,22:34,on_time
2026-06-10,OUT-003,output,789.68,2936004,22:23,on_time
2026-06-11,OUT-003,output,780.92,2903422,22:32,on_time
2026-06-12,OUT-003,output,681.8,2534899,22:27,on_time
2026-06-15,OUT-003,output,1009.02,3751477,22:22,on_time
2026-06-16,OUT-003,output,697.03,2591527,22:29,on_time
2026-06-17,OUT-003,output,714.86,2657800,22:42,on_time
2026-06-18,OUT-003,output,827.9,3078088,23:31,late
2026-06-19,OUT-003,output,675.18,2510285,22:36,on_time
2026-06-22,OUT-003,output,879.6,3270323,22:27,on_time
2026-06-23,OUT-003,output,811.61,3017515,22:23,on_time
2026-06-24,OUT-003,output,749.51,2786655,22:20,on_time
2026-06-25,OUT-003,output,746.73,2776313,22:30,on_time
2026-06-26,OUT-003,output,806.29,2997743,22:31,on_time
2026-06-29,OUT-003,output,884.69,3289238,22:25,on_time
2026-06-30,OUT-003,output,1187.04,4413359,22:20,on_time
2026-07-01,OUT-003,output,734.14,2729482,22:20,on_time
2026-07-02,OUT-003,output,777.68,2891361,22:32,on_time
2026-07-03,OUT-003,output,763.72,2839476,22:40,on_time
2026-07-06,OUT-003,output,954.77,3549793,22:32,on_time
2026-07-07,OUT-003,output,702.1,2610370,22:37,on_time
2026-07-08,OUT-003,output,769.73,2861830,22:22,on_time
2026-07-09,OUT-003,output,774.73,2880415,22:26,on_time
2026-07-10,OUT-003,output,782.58,2909577,22:38,on_time
2026-07-13,OUT-003,output,992.39,3689665,22:40,on_time
2026-07-14,OUT-003,output,829.41,3083720,22:27,on_time
2026-07-15,OUT-003,output,787.15,2926579,22:22,on_time
2026-07-16,OUT-003,output,807.92,3003815,22:21,on_time
2026-07-17,OUT-003,output,801.67,2980575,22:41,on_time
2026-07-20,OUT-003,output,1015.63,3776066,22:42,on_time
2026-07-21,OUT-003,output,0,0,,missed
2026-07-22,OUT-003,output,715.04,2658498,22:28,on_time
2026-07-23,OUT-003,output,802.94,2985308,22:24,on_time
2026-07-24,OUT-003,output,810.23,3012397,22:23,on_time
2026-07-27,OUT-003,output,860.48,3199221,22:20,on_time
2026-07-28,OUT-003,output,691.15,2569672,22:28,on_time
2026-07-29,OUT-003,output,775.82,2884473,22:38,on_time
2026-07-30,OUT-003,output,685.4,2548292,22:21,on_time
2026-07-31,OUT-003,output,1048.74,3899158,22:38,on_time
2026-08-03,OUT-003,output,994.83,3698725,22:38,on_time
2026-08-04,OUT-003,output,821.08,3052725,22:23,on_time
2026-08-05,OUT-003,output,729.89,2713710,22:20,on_time
2026-08-06,OUT-003,output,744.26,2767103,22:35,on_time
2026-08-07,OUT-003,output,773.42,2875545,22:21,on_time
2026-08-10,OUT-003,output,909.72,3382298,22:42,on_time
2026-05-29,OUT-004,output,1483.67,840748,23:37,on_time
2026-06-30,OUT-004,output,1981.79,1123015,23:38,on_time
2026-07-31,OUT-004,output,2169.48,1229374,23:51,on_time
2026-05-13,OUT-005,output,53.6,175422,22:09,on_time
2026-05-14,OUT-005,output,54.35,177865,22:14,on_time
2026-05-15,OUT-005,output,0,0,,missed
2026-05-18,OUT-005,output,64.72,211813,22:19,on_time
2026-05-19,OUT-005,output,53.47,174977,22:11,on_time
2026-05-20,OUT-005,output,48.11,157453,22:06,on_time
2026-05-21,OUT-005,output,54.93,179756,22:17,on_time
2026-05-22,OUT-005,output,54.62,178758,22:13,on_time
2026-05-25,OUT-005,output,68.63,224622,23:54,late
2026-05-26,OUT-005,output,58.6,191770,22:10,on_time
2026-05-27,OUT-005,output,0,0,,missed
2026-05-28,OUT-005,output,57.92,189552,22:03,on_time
2026-05-29,OUT-005,output,49.32,161419,22:07,on_time
2026-06-01,OUT-005,output,80.05,261977,22:04,on_time
2026-06-02,OUT-005,output,51.67,169114,22:02,on_time
2026-06-03,OUT-005,output,54.93,179782,23:37,late
2026-06-04,OUT-005,output,61.3,200623,22:11,on_time
2026-06-05,OUT-005,output,53.93,176500,22:16,on_time
2026-06-08,OUT-005,output,61.12,200021,23:59,late
2026-06-09,OUT-005,output,52.69,172439,22:21,on_time
2026-06-10,OUT-005,output,53.04,173590,22:07,on_time
2026-06-11,OUT-005,output,58.82,192503,22:12,on_time
2026-06-12,OUT-005,output,46.78,153101,22:10,on_time
2026-06-15,OUT-005,output,66.7,218279,22:06,on_time
2026-06-16,OUT-005,output,54.98,179930,23:59,late
2026-06-17,OUT-005,output,54.73,179113,22:14,on_time
2026-06-18,OUT-005,output,55.29,180937,22:03,on_time
2026-06-19,OUT-005,output,55.87,182856,22:09,on_time
2026-06-22,OUT-005,output,65.87,215568,22:03,on_time
2026-06-23,OUT-005,output,54.33,177821,23:59,late
2026-06-24,OUT-005,output,50.2,164301,22:01,on_time
2026-06-25,OUT-005,output,54.43,178140,22:22,on_time
2026-06-26,OUT-005,output,51.43,168315,22:11,on_time
2026-06-29,OUT-005,output,69.91,228788,22:05,on_time
2026-06-30,OUT-005,output,75.39,246733,23:36,late
2026-07-01,OUT-005,output,48.47,158633,22:03,on_time
2026-07-02,OUT-005,output,51.21,167594,22:04,on_time
2026-07-03,OUT-005,output,58.74,192225,23:13,late
2026-07-06,OUT-005,output,68.84,225289,23:59,late
2026-07-07,OUT-005,output,49.22,161085,22:02,on_time
2026-07-08,OUT-005,output,44.58,145887,22:08,on_time
2026-07-09,OUT-005,output,63.73,208573,22:06,on_time
2026-07-10,OUT-005,output,58.18,190405,22:14,on_time
2026-07-13,OUT-005,output,72.86,238450,22:10,on_time
2026-07-14,OUT-005,output,56.17,183835,23:44,late
2026-07-15,OUT-005,output,55.71,182337,23:59,late
2026-07-16,OUT-005,output,50.42,165014,22:00,on_time
2026-07-17,OUT-005,output,49.11,160713,22:05,on_time
2026-07-20,OUT-005,output,66.93,219056,22:14,on_time
2026-07-21,OUT-005,output,56.93,186307,22:07,on_time
2026-07-22,OUT-005,output,53.04,173577,22:15,on_time
2026-07-23,OUT-005,output,50.68,165856,22:08,on_time
2026-07-24,OUT-005,output,51.46,168400,22:13,on_time
2026-07-27,OUT-005,output,68.8,225161,22:20,on_time
2026-07-28,OUT-005,output,48.75,159559,22:17,on_time
2026-07-29,OUT-005,output,57.94,189606,22:11,on_time
2026-07-30,OUT-005,output,51.18,167490,22:15,on_time
2026-07-31,OUT-005,output,68.1,222864,22:08,on_time
2026-08-03,OUT-005,output,62.69,205164,22:10,on_time
2026-08-04,OUT-005,output,57.83,189261,22:08,on_time
2026-08-05,OUT-005,output,52.54,171934,23:45,late
2026-08-06,OUT-005,output,52.79,172777,22:05,on_time
2026-08-07,OUT-005,output,37.12,121495,23:59,late
2026-08-10,OUT-005,output,56.16,183783,22:01,on_time
2026-05-13,OUT-006,output,594.12,2045332,22:52,on_time
2026-05-14,OUT-006,output,654.33,2252617,22:45,on_time
2026-05-15,OUT-006,output,540.93,1862206,22:50,on_time
2026-05-18,OUT-006,output,726.93,2502532,22:40,on_time
2026-05-19,OUT-006,output,522.76,1799679,22:51,on_time
2026-05-20,OUT-006,output,562.23,1935532,22:46,on_time
2026-05-21,OUT-006,output,592.04,2038178,22:55,on_time
2026-05-22,OUT-006,output,619.38,2132302,22:41,on_time
2026-05-25,OUT-006,output,782.52,2693932,22:47,on_time
2026-05-26,OUT-006,output,577.43,1987889,23:59,late
2026-05-27,OUT-006,output,621.55,2139756,22:44,on_time
2026-05-28,OUT-006,output,650.87,2240700,22:50,on_time
2026-05-29,OUT-006,output,686.95,2364903,23:43,late
2026-06-01,OUT-006,output,854.06,2940215,22:56,on_time
2026-06-02,OUT-006,output,581.72,2002642,22:42,on_time
2026-06-03,OUT-006,output,659.95,2271970,22:43,on_time
2026-06-04,OUT-006,output,604.22,2080106,22:50,on_time
2026-06-05,OUT-006,output,678.29,2335096,23:00,on_time
2026-06-08,OUT-006,output,887.7,3056006,23:00,on_time
2026-06-09,OUT-006,output,607.11,2090036,22:59,on_time
2026-06-10,OUT-006,output,568.45,1956958,22:47,on_time
2026-06-11,OUT-006,output,639.61,2201946,23:02,on_time
2026-06-12,OUT-006,output,584.2,2011183,22:45,on_time
2026-06-15,OUT-006,output,907.17,3123031,22:52,on_time
2026-06-16,OUT-006,output,591.35,2035808,22:58,on_time
2026-06-17,OUT-006,output,546.58,1881667,23:59,late
2026-06-18,OUT-006,output,566.74,1951066,22:58,on_time
2026-06-19,OUT-006,output,587.09,2021140,23:34,late
2026-06-22,OUT-006,output,785.86,2705407,22:50,on_time
2026-06-23,OUT-006,output,642.43,2211637,23:02,on_time
2026-06-24,OUT-006,output,616.11,2121041,22:50,on_time
2026-06-25,OUT-006,output,625.89,2154692,22:42,on_time
2026-06-26,OUT-006,output,662.75,2281605,22:43,on_time
2026-06-29,OUT-006,output,845.14,2909510,22:53,on_time
2026-06-30,OUT-006,output,903.6,3110748,22:53,on_time
2026-07-01,OUT-006,output,591.53,2036410,22:43,on_time
2026-07-02,OUT-006,output,670.57,2308529,22:58,on_time
2026-07-03,OUT-006,output,622.47,2142928,22:42,on_time
2026-07-06,OUT-006,output,761.93,2623030,22:41,on_time
2026-07-07,OUT-006,output,588.65,2026501,22:42,on_time
2026-07-08,OUT-006,output,734.19,2527522,22:52,on_time
2026-07-09,OUT-006,output,729.79,2512376,22:42,on_time
2026-07-10,OUT-006,output,683.91,2354451,22:59,on_time
2026-07-13,OUT-006,output,779.62,2683930,23:00,on_time
2026-07-14,OUT-006,output,592.01,2038062,22:53,on_time
2026-07-15,OUT-006,output,662.31,2280078,22:46,on_time
2026-07-16,OUT-006,output,656.4,2259727,22:57,on_time
2026-07-17,OUT-006,output,634.42,2184076,22:49,on_time
2026-07-20,OUT-006,output,756.57,2604572,22:43,on_time
2026-07-21,OUT-006,output,563.35,1939418,23:44,late
2026-07-22,OUT-006,output,603.62,2078020,23:25,late
2026-07-23,OUT-006,output,623.22,2145500,22:59,on_time
2026-07-24,OUT-006,output,705.54,2428921,22:43,on_time
2026-07-27,OUT-006,output,826.39,2844951,23:35,late
2026-07-28,OUT-006,output,676.6,2329288,22:43,on_time
2026-07-29,OUT-006,output,602.37,2073725,23:01,on_time
2026-07-30,OUT-006,output,676.0,2327216,23:00,on_time
2026-07-31,OUT-006,output,955.41,3289113,22:51,on_time
2026-08-03,OUT-006,output,915.99,3153397,22:41,on_time
2026-08-04,OUT-006,output,615.16,2117768,22:48,on_time
2026-08-05,OUT-006,output,654.32,2252586,22:44,on_time
2026-08-06,OUT-006,output,638.19,2197034,22:51,on_time
2026-08-07,OUT-006,output,631.46,2173881,22:53,on_time
2026-08-10,OUT-006,output,750.83,2584837,22:52,on_time
2026-05-13,OUT-007,output,85.72,4952954,22:35,on_time
2026-05-14,OUT-007,output,90.53,5230804,22:32,on_time
2026-05-15,OUT-007,output,95.4,5512158,22:42,on_time
2026-05-18,OUT-007,output,104.25,6023463,23:59,late
2026-05-19,OUT-007,output,87.03,5028264,22:39,on_time
2026-05-20,OUT-007,output,96.94,5601090,22:25,on_time
2026-05-21,OUT-007,output,88.27,5100043,22:26,on_time
2026-05-22,OUT-007,output,73.75,4261043,22:33,on_time
2026-05-25,OUT-007,output,124.27,7180194,22:40,on_time
2026-05-26,OUT-007,output,86.1,4974695,22:22,on_time
2026-05-27,OUT-007,output,87.63,5062948,23:59,late
2026-05-28,OUT-007,output,88.47,5111371,22:34,on_time
2026-05-29,OUT-007,output,95.41,5512810,22:20,on_time
2026-06-01,OUT-007,output,106.86,6174373,22:33,on_time
2026-06-02,OUT-007,output,85.68,4950191,22:24,on_time
2026-06-03,OUT-007,output,81.99,4737359,22:23,on_time
2026-06-04,OUT-007,output,85.55,4943110,22:38,on_time
2026-06-05,OUT-007,output,94.12,5437799,22:31,on_time
2026-06-08,OUT-007,output,98.6,5696655,22:28,on_time
2026-06-09,OUT-007,output,82.74,4780254,22:21,on_time
2026-06-10,OUT-007,output,92.32,5334196,22:32,on_time
2026-06-11,OUT-007,output,83.93,4849404,22:21,on_time
2026-06-12,OUT-007,output,85.41,4934948,22:30,on_time
2026-06-15,OUT-007,output,123.44,7132060,22:28,on_time
2026-06-16,OUT-007,output,94.08,5435814,22:20,on_time
2026-06-17,OUT-007,output,93.41,5397285,22:35,on_time
2026-06-18,OUT-007,output,86.62,5004528,22:41,on_time
2026-06-19,OUT-007,output,94.37,5452560,23:59,late
2026-06-22,OUT-007,output,112.05,6474004,22:30,on_time
2026-06-23,OUT-007,output,84.18,4863821,22:26,on_time
2026-06-24,OUT-007,output,96.94,5600967,22:33,on_time
2026-06-25,OUT-007,output,93.12,5380362,22:21,on_time
2026-06-26,OUT-007,output,79.43,4589173,22:25,on_time
2026-06-29,OUT-007,output,113.64,6565770,23:59,late
2026-06-30,OUT-007,output,120.74,6976045,22:38,on_time
2026-07-01,OUT-007,output,96.99,5604083,23:59,late
2026-07-02,OUT-007,output,104.22,6021791,23:09,late
2026-07-03,OUT-007,output,101.61,5870895,22:28,on_time
2026-07-06,OUT-007,output,109.93,6351421,22:34,on_time
2026-07-07,OUT-007,output,90.79,5245918,22:20,on_time
2026-07-08,OUT-007,output,90.54,5231106,22:35,on_time
2026-07-09,OUT-007,output,98.9,5714387,22:38,on_time
2026-07-10,OUT-007,output,105.01,6067264,22:31,on_time
2026-07-13,OUT-007,output,127.36,7358817,22:42,on_time
2026-07-14,OUT-007,output,86.7,5009091,23:08,late
2026-07-15,OUT-007,output,97.87,5654964,22:26,on_time
2026-07-16,OUT-007,output,100.78,5822695,22:40,on_time
2026-07-17,OUT-007,output,96.1,5552548,22:36,on_time
2026-07-20,OUT-007,output,128.61,7430802,23:59,late
2026-07-21,OUT-007,output,90.69,5239963,22:24,on_time
2026-07-22,OUT-007,output,87.04,5029041,22:39,on_time
2026-07-23,OUT-007,output,95.35,5509224,22:29,on_time
2026-07-24,OUT-007,output,102.81,5940200,22:42,on_time
2026-07-27,OUT-007,output,110.51,6385303,22:31,on_time
2026-07-28,OUT-007,output,97.1,5610198,22:26,on_time
2026-07-29,OUT-007,output,88.77,5129043,22:32,on_time
2026-07-30,OUT-007,output,83.22,4808148,22:20,on_time
2026-07-31,OUT-007,output,122.73,7090844,22:31,on_time
2026-08-03,OUT-007,output,104.53,6039667,22:39,on_time
2026-08-04,OUT-007,output,93.58,5406938,22:22,on_time
2026-08-05,OUT-007,output,97.61,5639503,22:28,on_time
2026-08-06,OUT-007,output,97.96,5660058,22:42,on_time
2026-08-07,OUT-007,output,90.75,5243445,22:40,on_time
2026-08-10,OUT-007,output,126.89,7331233,22:21,on_time
2026-05-13,OUT-008,output,2631.4,16226936,23:59,on_time
2026-05-14,OUT-008,output,2596.62,16012468,23:49,on_time
2026-05-15,OUT-008,output,2435.27,15017520,23:53,on_time
2026-05-18,OUT-008,output,2988.78,18430812,23:58,on_time
2026-05-19,OUT-008,output,2189.02,13498967,23:50,on_time
2026-05-20,OUT-008,output,2449.54,15105526,23:55,on_time
2026-05-21,OUT-008,output,2621.34,16164945,23:59,on_time
2026-05-22,OUT-008,output,2385.24,14709000,23:59,on_time
2026-05-25,OUT-008,output,3151.84,19436357,23:45,on_time
2026-05-26,OUT-008,output,2150.66,13262431,23:57,on_time
2026-05-27,OUT-008,output,2477.86,15280108,23:45,on_time
2026-05-28,OUT-008,output,2628.94,16211807,23:47,on_time
2026-05-29,OUT-008,output,2284.41,14087209,23:49,on_time
2026-06-01,OUT-008,output,3201.34,19741602,23:58,on_time
2026-06-02,OUT-008,output,2331.02,14374623,23:43,on_time
2026-06-03,OUT-008,output,2591.34,15979899,23:59,on_time
2026-06-04,OUT-008,output,2273.82,14021883,23:59,late
2026-06-05,OUT-008,output,2632.83,16235768,23:56,on_time
2026-06-08,OUT-008,output,3283.87,20250545,23:41,on_time
2026-06-09,OUT-008,output,2764.65,17048685,23:50,on_time
2026-06-10,OUT-008,output,2889.11,17816150,23:58,on_time
2026-06-11,OUT-008,output,2550.93,15730732,23:59,on_time
2026-06-12,OUT-008,output,2449.59,15105821,23:42,on_time
2026-06-15,OUT-008,output,2987.8,18424770,23:59,on_time
2026-06-16,OUT-008,output,2386.33,14715727,23:59,late
2026-06-17,OUT-008,output,2474.58,15259932,23:45,on_time
2026-06-18,OUT-008,output,2364.35,14580180,23:42,on_time
2026-06-19,OUT-008,output,2303.48,14204786,23:53,on_time
2026-06-22,OUT-008,output,3188.89,19664828,23:52,on_time
2026-06-23,OUT-008,output,0,0,,missed
2026-06-24,OUT-008,output,2421.4,14931944,23:50,on_time
2026-06-25,OUT-008,output,2450.15,15109272,23:40,on_time
2026-06-26,OUT-008,output,2478.08,15281511,23:47,on_time
2026-06-29,OUT-008,output,3247.74,20027729,23:43,on_time
2026-06-30,OUT-008,output,3341.53,20606119,23:58,on_time
2026-07-01,OUT-008,output,2543.07,15682275,23:49,on_time
2026-07-02,OUT-008,output,2517.33,15523528,23:56,on_time
2026-07-03,OUT-008,output,2306.11,14221027,23:44,on_time
2026-07-06,OUT-008,output,3519.95,21706343,23:55,on_time
2026-07-07,OUT-008,output,2666.58,16443883,23:52,on_time
2026-07-08,OUT-008,output,2902.92,17901341,23:59,late
2026-07-09,OUT-008,output,2703.59,16672116,23:58,on_time
2026-07-10,OUT-008,output,2721.43,16782145,23:43,on_time
2026-07-13,OUT-008,output,3110.86,19183628,23:59,on_time
2026-07-14,OUT-008,output,2479.59,15290799,23:57,on_time
2026-07-15,OUT-008,output,2475.01,15262537,23:43,on_time
2026-07-16,OUT-008,output,2492.08,15367848,23:40,on_time
2026-07-17,OUT-008,output,2667.9,16452028,23:59,late
2026-07-20,OUT-008,output,3322.85,20490888,23:55,on_time
2026-07-21,OUT-008,output,2606.94,16076148,23:40,on_time
2026-07-22,OUT-008,output,2793.87,17228839,23:59,on_time
2026-07-23,OUT-008,output,2290.43,14124318,23:59,late
2026-07-24,OUT-008,output,2506.68,15457875,23:43,on_time
2026-07-27,OUT-008,output,3045.96,18783410,23:43,on_time
2026-07-28,OUT-008,output,2448.03,15096179,23:59,on_time
2026-07-29,OUT-008,output,2530.16,15602636,23:46,on_time
2026-07-30,OUT-008,output,2766.27,17058670,23:53,on_time
2026-07-31,OUT-008,output,3856.33,23780707,23:46,on_time
2026-08-03,OUT-008,output,3261.06,20109847,23:55,on_time
2026-08-04,OUT-008,output,2826.71,17431396,23:43,on_time
2026-08-05,OUT-008,output,2565.9,15823068,23:59,on_time
2026-08-06,OUT-008,output,2859.62,17634349,23:42,on_time
2026-08-07,OUT-008,output,2467.62,15216979,23:43,on_time
2026-08-10,OUT-008,output,3060.5,18873067,23:49,on_time
2026-05-13,OUT-009,output,32.87,394420,22:19,on_time
2026-05-14,OUT-009,output,33.9,406828,22:13,on_time
2026-05-15,OUT-009,output,32.78,393373,22:11,on_time
2026-05-18,OUT-009,output,46.94,563250,23:37,late
2026-05-19,OUT-009,output,38.03,456332,22:24,on_time
2026-05-20,OUT-009,output,34.89,418692,22:21,on_time
2026-05-21,OUT-009,output,39.4,472850,22:15,on_time
2026-05-22,OUT-009,output,33.23,398803,22:22,on_time
2026-05-25,OUT-009,output,46.52,558283,22:25,on_time
2026-05-26,OUT-009,output,33.01,396113,22:13,on_time
2026-05-27,OUT-009,output,32.11,385368,22:11,on_time
2026-05-28,OUT-009,output,36.41,436921,22:28,on_time
2026-05-29,OUT-009,output,34.83,418000,22:28,on_time
2026-06-01,OUT-009,output,46.23,554806,22:21,on_time
2026-06-02,OUT-009,output,38.24,458939,22:31,on_time
2026-06-03,OUT-009,output,35.3,423609,22:25,on_time
2026-06-04,OUT-009,output,30.83,369991,22:13,on_time
2026-06-05,OUT-009,output,35.31,423672,22:30,on_time
2026-06-08,OUT-009,output,45.81,549671,22:32,on_time
2026-06-09,OUT-009,output,32.21,386542,22:28,on_time
2026-06-10,OUT-009,output,35.76,429091,22:31,on_time
2026-06-11,OUT-009,output,32.59,391108,22:29,on_time
2026-06-12,OUT-009,output,36.04,432532,22:31,on_time
2026-06-15,OUT-009,output,41.12,493473,22:30,on_time
2026-06-16,OUT-009,output,37.14,445714,22:27,on_time
2026-06-17,OUT-009,output,36.46,437575,22:15,on_time
2026-06-18,OUT-009,output,36.56,438682,22:25,on_time
2026-06-19,OUT-009,output,37.56,450700,22:25,on_time
2026-06-22,OUT-009,output,45.33,544014,22:20,on_time
2026-06-23,OUT-009,output,38.82,465793,22:30,on_time
2026-06-24,OUT-009,output,37.69,452278,22:17,on_time
2026-06-25,OUT-009,output,33.98,407745,22:12,on_time
2026-06-26,OUT-009,output,38.38,460613,22:24,on_time
2026-06-29,OUT-009,output,52.08,624929,22:10,on_time
2026-06-30,OUT-009,output,51.65,619813,22:23,on_time
2026-07-01,OUT-009,output,32.8,393552,23:59,late
2026-07-02,OUT-009,output,36.03,432337,22:29,on_time
2026-07-03,OUT-009,output,40.18,482112,22:30,on_time
2026-07-06,OUT-009,output,44.45,533383,22:20,on_time
2026-07-07,OUT-009,output,39.54,474489,22:24,on_time
2026-07-08,OUT-009,output,38.45,461404,22:29,on_time
2026-07-09,OUT-009,output,37.35,448176,22:24,on_time
2026-07-10,OUT-009,output,35.46,425460,22:31,on_time
2026-07-13,OUT-009,output,44.19,530243,22:19,on_time
2026-07-14,OUT-009,output,42.34,508099,22:21,on_time
2026-07-15,OUT-009,output,39.71,476504,22:14,on_time
2026-07-16,OUT-009,output,38.68,464149,22:23,on_time
2026-07-17,OUT-009,output,36.95,443404,22:22,on_time
2026-07-20,OUT-009,output,46.64,559708,22:16,on_time
2026-07-21,OUT-009,output,40.65,487780,22:30,on_time
2026-07-22,OUT-009,output,40.28,483301,22:28,on_time
2026-07-23,OUT-009,output,40.9,490786,22:28,on_time
2026-07-24,OUT-009,output,36.75,440967,22:14,on_time
2026-07-27,OUT-009,output,54.01,648130,22:27,on_time
2026-07-28,OUT-009,output,38.95,467401,22:28,on_time
2026-07-29,OUT-009,output,32.75,393040,22:15,on_time
2026-07-30,OUT-009,output,38.61,463301,22:15,on_time
2026-07-31,OUT-009,output,57.19,686270,22:29,on_time
2026-08-03,OUT-009,output,51.36,616339,22:20,on_time
2026-08-04,OUT-009,output,33.46,401472,22:32,on_time
2026-08-05,OUT-009,output,44.31,531700,22:18,on_time
2026-08-06,OUT-009,output,38.02,456217,22:14,on_time
2026-08-07,OUT-009,output,41.25,495012,22:29,on_time
2026-08-10,OUT-009,output,49.33,591916,22:32,on_time
2026-05-13,OUT-010,output,3.76,8939,23:11,on_time
2026-05-14,OUT-010,output,3.84,9119,23:16,on_time
2026-05-15,OUT-010,output,3.85,9134,23:09,on_time
2026-05-18,OUT-010,output,4.51,10708,23:21,on_time
2026-05-19,OUT-010,output,3.45,8202,23:25,on_time
2026-05-20,OUT-010,output,4.23,10048,23:20,on_time
2026-05-21,OUT-010,output,4.21,10006,23:26,on_time
2026-05-22,OUT-010,output,3.77,8951,23:22,on_time
2026-05-25,OUT-010,output,4.4,10459,23:18,on_time
2026-05-26,OUT-010,output,4.0,9498,23:09,on_time
2026-05-27,OUT-010,output,4.06,9639,23:57,late
2026-05-28,OUT-010,output,4.07,9672,23:14,on_time
2026-05-29,OUT-010,output,3.91,9282,23:09,on_time
2026-06-01,OUT-010,output,5.01,11888,23:22,on_time
2026-06-02,OUT-010,output,3.87,9199,23:59,late
2026-06-03,OUT-010,output,3.78,8978,23:22,on_time
2026-06-04,OUT-010,output,3.82,9070,23:25,on_time
2026-06-05,OUT-010,output,4.15,9857,23:27,on_time
2026-06-08,OUT-010,output,5.79,13745,23:26,on_time
2026-06-09,OUT-010,output,3.91,9285,23:59,late
2026-06-10,OUT-010,output,4.34,10305,23:15,on_time
2026-06-11,OUT-010,output,4.59,10904,23:11,on_time
2026-06-12,OUT-010,output,4.3,10222,23:19,on_time
2026-06-15,OUT-010,output,5.68,13495,23:25,on_time
2026-06-16,OUT-010,output,3.92,9320,23:23,on_time
2026-06-17,OUT-010,output,3.77,8947,23:11,on_time
2026-06-18,OUT-010,output,3.87,9187,23:10,on_time
2026-06-19,OUT-010,output,4.85,11514,23:21,on_time
2026-06-22,OUT-010,output,5.67,13457,23:06,on_time
2026-06-23,OUT-010,output,4.05,9626,23:23,on_time
2026-06-24,OUT-010,output,4.15,9854,23:05,on_time
2026-06-25,OUT-010,output,4.17,9892,23:09,on_time
2026-06-26,OUT-010,output,4.05,9612,23:24,on_time
2026-06-29,OUT-010,output,5.75,13657,23:59,late
2026-06-30,OUT-010,output,5.69,13511,23:23,on_time
2026-07-01,OUT-010,output,4.65,11054,23:21,on_time
2026-07-02,OUT-010,output,4.45,10563,23:10,on_time
2026-07-03,OUT-010,output,4.29,10180,23:22,on_time
2026-07-06,OUT-010,output,5.11,12142,23:07,on_time
2026-07-07,OUT-010,output,4.59,10910,23:15,on_time
2026-07-08,OUT-010,output,3.98,9443,23:11,on_time
2026-07-09,OUT-010,output,4.03,9561,23:22,on_time
2026-07-10,OUT-010,output,4.05,9620,23:25,on_time
2026-07-13,OUT-010,output,5.17,12279,23:59,late
2026-07-14,OUT-010,output,4.01,9534,23:24,on_time
2026-07-15,OUT-010,output,4.91,11668,23:17,on_time
2026-07-16,OUT-010,output,4.47,10605,23:08,on_time
2026-07-17,OUT-010,output,4.08,9681,23:21,on_time
2026-07-20,OUT-010,output,5.33,12668,23:16,on_time
2026-07-21,OUT-010,output,3.98,9462,23:14,on_time
2026-07-22,OUT-010,output,4.32,10259,23:11,on_time
2026-07-23,OUT-010,output,4.46,10598,23:22,on_time
2026-07-24,OUT-010,output,4.42,10488,23:25,on_time
2026-07-27,OUT-010,output,5.14,12203,23:59,late
2026-07-28,OUT-010,output,3.91,9275,23:08,on_time
2026-07-29,OUT-010,output,4.67,11094,23:18,on_time
2026-07-30,OUT-010,output,3.82,9081,23:07,on_time
2026-07-31,OUT-010,output,6.41,15214,23:15,on_time
2026-08-03,OUT-010,output,5.85,13887,23:59,late
2026-08-04,OUT-010,output,4.51,10710,23:59,late
2026-08-05,OUT-010,output,4.03,9565,23:13,on_time
2026-08-06,OUT-010,output,4.11,9765,23:15,on_time
2026-08-07,OUT-010,output,4.51,10714,23:59,late
2026-08-10,OUT-010,output,6.16,14623,23:07,on_time
2026-05-13,OUT-011,output,3.01,8233,23:59,late
2026-05-14,OUT-011,output,3.04,8320,23:59,late
2026-05-15,OUT-011,output,2.83,7743,23:24,on_time
2026-05-18,OUT-011,output,3.8,10385,23:15,on_time
2026-05-19,OUT-011,output,2.97,8124,23:14,on_time
2026-05-20,OUT-011,output,3.14,8589,23:19,on_time
2026-05-21,OUT-011,output,2.63,7193,23:14,on_time
2026-05-22,OUT-011,output,3.45,9421,23:30,on_time
2026-05-25,OUT-011,output,3.35,9156,23:10,on_time
2026-05-26,OUT-011,output,2.94,8036,23:10,on_time
2026-05-27,OUT-011,output,3.01,8225,23:22,on_time
2026-05-28,OUT-011,output,3.22,8805,23:21,on_time
2026-05-29,OUT-011,output,2.99,8181,23:30,on_time
2026-06-01,OUT-011,output,3.94,10756,23:29,on_time
2026-06-02,OUT-011,output,3.17,8672,23:16,on_time
2026-06-03,OUT-011,output,2.94,8027,23:11,on_time
2026-06-04,OUT-011,output,2.83,7729,23:27,on_time
2026-06-05,OUT-011,output,2.91,7943,23:12,on_time
2026-06-08,OUT-011,output,3.79,10356,23:16,on_time
2026-06-09,OUT-011,output,2.9,7916,23:14,on_time
2026-06-10,OUT-011,output,3.11,8495,23:17,on_time
2026-06-11,OUT-011,output,2.76,7532,23:59,late
2026-06-12,OUT-011,output,2.78,7602,23:20,on_time
2026-06-15,OUT-011,output,3.76,10285,23:28,on_time
2026-06-16,OUT-011,output,3.38,9248,23:20,on_time
2026-06-17,OUT-011,output,3.21,8769,23:17,on_time
2026-06-18,OUT-011,output,3.28,8976,23:30,on_time
2026-06-19,OUT-011,output,3.19,8706,23:20,on_time
2026-06-22,OUT-011,output,3.79,10362,23:24,on_time
2026-06-23,OUT-011,output,3.17,8678,23:13,on_time
2026-06-24,OUT-011,output,2.89,7894,23:29,on_time
2026-06-25,OUT-011,output,3.06,8373,23:59,late
2026-06-26,OUT-011,output,3.55,9703,23:18,on_time
2026-06-29,OUT-011,output,3.63,9929,23:10,on_time
2026-06-30,OUT-011,output,4.07,11113,23:30,on_time
2026-07-01,OUT-011,output,2.97,8106,23:59,late
2026-07-02,OUT-011,output,3.05,8348,23:11,on_time
2026-07-03,OUT-011,output,2.39,6529,23:25,on_time
2026-07-06,OUT-011,output,3.7,10111,23:14,on_time
2026-07-07,OUT-011,output,3.25,8872,23:19,on_time
2026-07-08,OUT-011,output,3.56,9739,23:26,on_time
2026-07-09,OUT-011,output,2.98,8141,23:31,on_time
2026-07-10,OUT-011,output,3.35,9160,23:29,on_time
2026-07-13,OUT-011,output,4.01,10958,23:15,on_time
2026-07-14,OUT-011,output,3.08,8423,23:28,on_time
2026-07-15,OUT-011,output,3.57,9750,23:25,on_time
2026-07-16,OUT-011,output,3.14,8576,23:11,on_time
2026-07-17,OUT-011,output,3.13,8566,23:21,on_time
2026-07-20,OUT-011,output,4.04,11040,23:31,on_time
2026-07-21,OUT-011,output,3.41,9313,23:25,on_time
2026-07-22,OUT-011,output,3.11,8512,23:11,on_time
2026-07-23,OUT-011,output,3.17,8669,23:59,late
2026-07-24,OUT-011,output,3.15,8618,23:18,on_time
2026-07-27,OUT-011,output,4.03,11016,23:15,on_time
2026-07-28,OUT-011,output,3.54,9664,23:22,on_time
2026-07-29,OUT-011,output,3.01,8221,23:26,on_time
2026-07-30,OUT-011,output,2.9,7932,23:17,on_time
2026-07-31,OUT-011,output,4.18,11421,23:25,on_time
2026-08-03,OUT-011,output,4.55,12432,23:29,on_time
2026-08-04,OUT-011,output,0,0,,missed
2026-08-05,OUT-011,output,3.11,8503,23:26,on_time
2026-08-06,OUT-011,output,3.32,9065,23:21,on_time
2026-08-07,OUT-011,output,3.43,9370,23:13,on_time
2026-08-10,OUT-011,output,3.9,10649,23:13,on_time
2026-05-13,OUT-012,output,144.48,3715323,22:43,on_time
2026-05-14,OUT-012,output,152.27,3915520,23:35,late
2026-05-15,OUT-012,output,143.32,3685378,22:46,on_time
2026-05-18,OUT-012,output,170.95,4395872,23:48,late
2026-05-19,OUT-012,output,138.24,3554639,22:46,on_time
2026-05-20,OUT-012,output,129.43,3328093,22:30,on_time
2026-05-21,OUT-012,output,132.23,3400274,22:51,on_time
2026-05-22,OUT-012,output,145.99,3754024,22:49,on_time
2026-05-25,OUT-012,output,171.45,4408835,22:45,on_time
2026-05-26,OUT-012,output,145.72,3747209,22:48,on_time
2026-05-27,OUT-012,output,127.71,3284089,22:35,on_time
2026-05-28,OUT-012,output,133.34,3428626,22:51,on_time
2026-05-29,OUT-012,output,138.78,3568511,22:44,on_time
2026-06-01,OUT-012,output,184.54,4745389,22:34,on_time
2026-06-02,OUT-012,output,142.95,3675732,22:36,on_time
2026-06-03,OUT-012,output,151.35,3891971,22:34,on_time
2026-06-04,OUT-012,output,130.91,3366130,22:35,on_time
2026-06-05,OUT-012,output,136.76,3516572,22:47,on_time
2026-06-08,OUT-012,output,171.07,4398837,22:33,on_time
2026-06-09,OUT-012,output,127.34,3274376,22:47,on_time
2026-06-10,OUT-012,output,120.95,3110161,22:51,on_time
2026-06-11,OUT-012,output,129.27,3324074,22:31,on_time
2026-06-12,OUT-012,output,137.17,3527170,22:43,on_time
2026-06-15,OUT-012,output,179.77,4622672,22:42,on_time
2026-06-16,OUT-012,output,122.08,3139132,22:52,on_time
2026-06-17,OUT-012,output,131.58,3383502,22:37,on_time
2026-06-18,OUT-012,output,141.49,3638324,22:32,on_time
2026-06-19,OUT-012,output,145.18,3733150,22:36,on_time
2026-06-22,OUT-012,output,0,0,,missed
2026-06-23,OUT-012,output,149.61,3847197,22:46,on_time
2026-06-24,OUT-012,output,0,0,,missed
2026-06-25,OUT-012,output,134.58,3460682,22:41,on_time
2026-06-26,OUT-012,output,129.97,3341998,22:43,on_time
2026-06-29,OUT-012,output,171.43,4408308,22:43,on_time
2026-06-30,OUT-012,output,219.02,5631877,22:49,on_time
2026-07-01,OUT-012,output,130.66,3359828,22:43,on_time
2026-07-02,OUT-012,output,122.8,3157731,22:47,on_time
2026-07-03,OUT-012,output,128.99,3316773,22:38,on_time
2026-07-06,OUT-012,output,182.65,4696610,22:48,on_time
2026-07-07,OUT-012,output,132.84,3415974,22:51,on_time
2026-07-08,OUT-012,output,122.06,3138794,22:37,on_time
2026-07-09,OUT-012,output,135.28,3478610,22:36,on_time
2026-07-10,OUT-012,output,131.6,3384028,22:40,on_time
2026-07-13,OUT-012,output,157.35,4046246,22:31,on_time
2026-07-14,OUT-012,output,127.25,3272229,22:50,on_time
2026-07-15,OUT-012,output,0,0,,missed
2026-07-16,OUT-012,output,139.61,3589924,22:43,on_time
2026-07-17,OUT-012,output,135.9,3494457,22:49,on_time
2026-07-20,OUT-012,output,182.08,4682080,23:59,late
2026-07-21,OUT-012,output,125.12,3217418,22:39,on_time
2026-07-22,OUT-012,output,144.55,3716983,22:49,on_time
2026-07-23,OUT-012,output,137.22,3528485,23:59,late
2026-07-24,OUT-012,output,130.43,3354016,22:36,on_time
2026-07-27,OUT-012,output,183.23,4711503,22:36,on_time
2026-07-28,OUT-012,output,131.23,3374590,23:59,late
2026-07-29,OUT-012,output,131.85,3390318,22:51,on_time
2026-07-30,OUT-012,output,123.51,3176008,23:45,late
2026-07-31,OUT-012,output,195.92,5037828,22:38,on_time
2026-08-03,OUT-012,output,168.95,4344400,22:41,on_time
2026-08-04,OUT-012,output,130.46,3354712,22:30,on_time
2026-08-05,OUT-012,output,139.23,3580148,22:32,on_time
2026-08-06,OUT-012,output,121.08,3113452,22:47,on_time
2026-08-07,OUT-012,output,130.89,3365693,22:41,on_time
2026-08-10,OUT-012,output,172.67,4439988,22:36,on_time
2026-05-13,OUT-013,output,11.45,3625,22:51,on_time
2026-05-14,OUT-013,output,12.62,3995,22:38,on_time
2026-05-15,OUT-013,output,12.28,3889,22:43,on_time
2026-05-18,OUT-013,output,15.45,4893,22:57,on_time
2026-05-19,OUT-013,output,10.92,3458,22:47,on_time
2026-05-20,OUT-013,output,12.09,3829,22:49,on_time
2026-05-21,OUT-013,output,10.51,3329,22:53,on_time
2026-05-22,OUT-013,output,11.25,3563,22:47,on_time
2026-05-25,OUT-013,output,14.91,4722,22:42,on_time
2026-05-26,OUT-013,output,11.94,3780,22:46,on_time
2026-05-27,OUT-013,output,12.55,3974,22:35,on_time
2026-05-28,OUT-013,output,11.77,3725,22:47,on_time
2026-05-29,OUT-013,output,12.49,3954,22:45,on_time
2026-06-01,OUT-013,output,15.78,4998,23:59,late
2026-06-02,OUT-013,output,11.37,3601,22:53,on_time
2026-06-03,OUT-013,output,12.93,4094,22:41,on_time
2026-06-04,OUT-013,output,11.33,3588,22:41,on_time
2026-06-05,OUT-013,output,11.76,3724,22:42,on_time
2026-06-08,OUT-013,output,15.42,4882,22:42,on_time
2026-06-09,OUT-013,output,10.8,3420,22:38,on_time
2026-06-10,OUT-013,output,12.78,4048,22:56,on_time
2026-06-11,OUT-013,output,11.56,3661,22:52,on_time
2026-06-12,OUT-013,output,11.65,3688,22:50,on_time
2026-06-15,OUT-013,output,13.64,4320,22:53,on_time
2026-06-16,OUT-013,output,13.19,4176,22:50,on_time
2026-06-17,OUT-013,output,11.67,3696,22:47,on_time
2026-06-18,OUT-013,output,10.61,3359,22:53,on_time
2026-06-19,OUT-013,output,10.72,3396,22:52,on_time
2026-06-22,OUT-013,output,14.24,4508,23:59,late
2026-06-23,OUT-013,output,11.32,3584,22:38,on_time
2026-06-24,OUT-013,output,11.04,3497,22:49,on_time
2026-06-25,OUT-013,output,12.69,4019,22:47,on_time
2026-06-26,OUT-013,output,11.54,3655,22:45,on_time
2026-06-29,OUT-013,output,14.72,4661,22:43,on_time
2026-06-30,OUT-013,output,15.45,4893,22:50,on_time
2026-07-01,OUT-013,output,11.14,3527,22:48,on_time
2026-07-02,OUT-013,output,11.83,3747,22:57,on_time
2026-07-03,OUT-013,output,10.86,3439,22:49,on_time
2026-07-06,OUT-013,output,14.96,4735,22:39,on_time
2026-07-07,OUT-013,output,10.78,3413,22:43,on_time
2026-07-08,OUT-013,output,10.0,3165,22:52,on_time
2026-07-09,OUT-013,output,11.0,3483,22:39,on_time
2026-07-10,OUT-013,output,11.62,3678,22:35,on_time
2026-07-13,OUT-013,output,10.85,3435,22:55,on_time
2026-07-14,OUT-013,output,11.27,3569,22:45,on_time
2026-07-15,OUT-013,output,10.94,3464,22:53,on_time
2026-07-16,OUT-013,output,12.2,3864,23:32,late
2026-07-17,OUT-013,output,12.57,3980,22:50,on_time
2026-07-20,OUT-013,output,14.66,4641,22:38,on_time
2026-07-21,OUT-013,output,10.81,3422,22:52,on_time
2026-07-22,OUT-013,output,11.81,3739,22:43,on_time
2026-07-23,OUT-013,output,10.54,3338,22:56,on_time
2026-07-24,OUT-013,output,11.53,3651,22:41,on_time
2026-07-27,OUT-013,output,13.18,4173,22:44,on_time
2026-07-28,OUT-013,output,10.32,3267,22:56,on_time
2026-07-29,OUT-013,output,11.22,3552,22:37,on_time
2026-07-30,OUT-013,output,10.24,3243,22:44,on_time
2026-07-31,OUT-013,output,17.59,5571,22:55,on_time
2026-08-03,OUT-013,output,13.26,4200,22:45,on_time
2026-08-04,OUT-013,output,10.42,3299,22:37,on_time
2026-08-05,OUT-013,output,10.5,3324,22:45,on_time
2026-08-06,OUT-013,output,10.73,3398,22:43,on_time
2026-08-07,OUT-013,output,11.56,3662,22:47,on_time
2026-08-10,OUT-013,output,11.89,3764,22:46,on_time
2026-05-13,OUT-014,output,3246.77,0,23:45,on_time
2026-05-14,OUT-014,output,3117.03,0,23:59,on_time
2026-05-15,OUT-014,output,3266.75,0,23:51,on_time
2026-05-18,OUT-014,output,3960.51,0,23:59,on_time
2026-05-19,OUT-014,output,3154.14,0,23:45,on_time
2026-05-20,OUT-014,output,2392.7,0,23:48,on_time
2026-05-21,OUT-014,output,3000.11,0,23:49,on_time
2026-05-22,OUT-014,output,3306.49,0,23:59,late
2026-05-25,OUT-014,output,3778.48,0,23:54,on_time
2026-05-26,OUT-014,output,3301.01,0,23:50,on_time
2026-05-27,OUT-014,output,3305.51,0,23:59,late
2026-05-28,OUT-014,output,3491.93,0,23:59,on_time
2026-05-29,OUT-014,output,2896.06,0,23:59,on_time
2026-06-01,OUT-014,output,3760.5,0,23:59,on_time
2026-06-02,OUT-014,output,3086.39,0,23:59,on_time
2026-06-03,OUT-014,output,2911.64,0,23:59,on_time
2026-06-04,OUT-014,output,2895.95,0,23:59,on_time
2026-06-05,OUT-014,output,3051.05,0,23:59,on_time
2026-06-08,OUT-014,output,4145.58,0,23:47,on_time
2026-06-09,OUT-014,output,3016.37,0,23:54,on_time
2026-06-10,OUT-014,output,3257.4,0,23:59,late
2026-06-11,OUT-014,output,3247.72,0,23:59,on_time
2026-06-12,OUT-014,output,2968.25,0,23:59,on_time
2026-06-15,OUT-014,output,4215.12,0,23:45,on_time
2026-06-16,OUT-014,output,3055.18,0,23:54,on_time
2026-06-17,OUT-014,output,3218.27,0,23:51,on_time
2026-06-18,OUT-014,output,2874.03,0,23:59,on_time
2026-06-19,OUT-014,output,3140.47,0,23:59,on_time
2026-06-22,OUT-014,output,4365.16,0,23:57,on_time
2026-06-23,OUT-014,output,3415.61,0,23:59,on_time
2026-06-24,OUT-014,output,3292.98,0,23:59,on_time
2026-06-25,OUT-014,output,3074.79,0,23:59,on_time
2026-06-26,OUT-014,output,2982.49,0,23:58,on_time
2026-06-29,OUT-014,output,4074.74,0,23:48,on_time
2026-06-30,OUT-014,output,4482.92,0,23:59,on_time
2026-07-01,OUT-014,output,3074.64,0,23:55,on_time
2026-07-02,OUT-014,output,2909.74,0,23:59,late
2026-07-03,OUT-014,output,3741.42,0,23:54,on_time
2026-07-06,OUT-014,output,4051.03,0,23:59,on_time
2026-07-07,OUT-014,output,3255.87,0,23:45,on_time
2026-07-08,OUT-014,output,3165.87,0,23:55,on_time
2026-07-09,OUT-014,output,3219.87,0,23:56,on_time
2026-07-10,OUT-014,output,2909.52,0,23:46,on_time
2026-07-13,OUT-014,output,4336.07,0,23:46,on_time
2026-07-14,OUT-014,output,2713.29,0,23:57,on_time
2026-07-15,OUT-014,output,3026.16,0,23:59,late
2026-07-16,OUT-014,output,3196.64,0,23:57,on_time
2026-07-17,OUT-014,output,3444.11,0,23:52,on_time
2026-07-20,OUT-014,output,4296.74,0,23:59,on_time
2026-07-21,OUT-014,output,3323.1,0,23:48,on_time
2026-07-22,OUT-014,output,3171.05,0,23:51,on_time
2026-07-23,OUT-014,output,3096.89,0,23:55,on_time
2026-07-24,OUT-014,output,3003.44,0,23:46,on_time
2026-07-27,OUT-014,output,3841.71,0,23:59,on_time
2026-07-28,OUT-014,output,3147.81,0,23:51,on_time
2026-07-29,OUT-014,output,3496.58,0,23:48,on_time
2026-07-30,OUT-014,output,3291.08,0,23:58,on_time
2026-07-31,OUT-014,output,4584.84,0,23:48,on_time
2026-08-03,OUT-014,output,4181.24,0,23:52,on_time
2026-08-04,OUT-014,output,0,0,,missed
2026-08-05,OUT-014,output,3293.28,0,23:59,on_time
2026-08-06,OUT-014,output,3214.47,0,23:59,on_time
2026-08-07,OUT-014,output,3025.92,0,23:59,late
2026-08-10,OUT-014,output,4459.71,0,23:46,on_time
